,product_name,product_link,product_image
0,브리오 비타민B 컴플렉스 맥스 / 고함량 비타민B군 피로회복제 종합영양제 / 비오틴 엽산 판토텐산 B12,https://www.11st.co.kr/products/12642450?&trTypeCd=05&trCtgrNo=585021&checkCtlgPrd=true,https://cdn.011st.com/11dims/resize/248/11src/product/12642450/L300.jpg?454000000
1,뉴트리 미국 천연 비타민 피로회복 종합 멀티 영양제 90정 3개월,https://www.11st.co.kr/products/5775227?&trTypeCd=05&trCtgrNo=585021&checkCtlgPrd=true,https://cdn.011st.com/11dims/resize/248/11src/product/5775227/L300.jpg?152000000
2,뉴트리 미국 비타민B 엽산 B9 비타민B6 B12 영양제 컴플렉스 90정 3개월,https://www.11st.co.kr/products/16762694?&trTypeCd=05&trCtgrNo=585021&checkCtlgPrd=true,https://cdn.011st.com/11dims/resize/248/11src/product/16762694/L300.jpg?360000000
3,뉴트리원 정우성 루테인 지아잔틴 164 AX 100일 아스타잔틴 눈 피로 황반변성 01.AX 1박스(100일분)+프로폴리스,https://www.11st.co.kr/products/6292600682?&trTypeCd=05&trCtgrNo=585021&checkCtlgPrd=true,https://cdn.011st.com/11dims/resize/248/11src/product/4522835359/L300.jpg?739000000
4,뉴트리원 정우성 루테인 지아잔틴 164 AX 100일 아스타잔틴 눈 피로 황반변성 02.AX 2박스(200일분)+프로폴리스,https://www.11st.co.kr/products/6292600681?&trTypeCd=05&trCtgrNo=585021&checkCtlgPrd=true,https://cdn.011st.com/11dims/resize/248/11src/product/4522835359/L300.jpg?739000000
5,옥타미녹스 60포 아미노산영양제 보충제 피로회복 지구력 활력,https://www.11st.co.kr/products/779040916?&trTypeCd=MAS101&trCtgrNo=585021&checkCtlgPrd=true,https://cdn.011st.com/11dims/resize/248/11src/product/779040916/L300.jpg?341000000
6,유유제약 비비 화이트 프리미엄 120정/기미 주근깨 완화 육체피로 의약외품,https://www.11st.co.kr/products/1283769171?&trTypeCd=MAS101&trCtgrNo=585021&checkCtlgPrd=true,https://cdn.011st.com/11dims/resize/248/11src/product/1283769171/L300.jpg?861000000
7,르시크릿 김희애 에스트로업 2박스 중년 여성 갱년기케어 면역력 피로 01. 에스트로업 2박스(2개월분)+유산균,https://www.11st.co.kr/products/6359015980?&trTypeCd=05&trCtgrNo=585021&checkCtlgPrd=true,https://cdn.011st.com/11dims/resize/248/11src/pd/v2/7/5/3/3/4/4/fWTIA/2973753344_L300.jpg
8,르시크릿 김희애 에스트로업 2박스 중년 여성 갱년기케어 면역력 피로 02. 에스트로업 3박스(3개월분)+유산균,https://www.11st.co.kr/products/6359015979?&trTypeCd=05&trCtgrNo=585021&checkCtlgPrd=true,https://cdn.011st.com/11dims/resize/248/11src/pd/v2/7/5/3/3/4/4/fWTIA/2973753344_L300.jpg
9,퍼니트 더 쎈 L-아르기닌1000 120정x2병 4개월분 / 남성활력 피로회복 타우린 엘아르기닌,https://www.11st.co.kr/products/2973652728?&trTypeCd=05&trCtgrNo=585021&checkCtlgPrd=true,https://cdn.011st.com/11dims/resize/248/11src/product/2973652728/L300.jpg?899000000
10,[대웅제약] 우루샷 의약외품 피로회복 20정x2(40정),https://www.11st.co.kr/products/4118130363?&trTypeCd=05&trCtgrNo=585021&checkCtlgPrd=true,https://cdn.011st.com/11dims/resize/248/11src/product/4118130363/L300.jpg?231000000
11,[~10/11 월간십일절]뉴트리원 정우성 루테인 지아잔틴 164 AX 6+1박스 아스타잔틴 눈 피로 건강,https://www.11st.co.kr/products/2478960472?&trTypeCd=05&trCtgrNo=585021&checkCtlgPrd=true,https://cdn.011st.com/11dims/resize/248/11src/pd/v2/9/6/0/4/7/2/HswYD/2478960472_L300.jpg
12,[푸름웰니스] (유통기한임박) 아연 엽산 / 영양제 미네랄 피로회복,https://www.11st.co.kr/products/4118182493?&trTypeCd=05&trCtgrNo=585021&checkCtlgPrd=true,https://cdn.011st.com/11dims/resize/248/11src/product/4118182493/L300.jpg?188000000
13,"미국 천연 뉴트리 비타민C1000 항산화제 피로회복제 피로 항산화 영양제/로즈힙,헤스페리딘P 비타민C-1000",https://www.11st.co.kr/products/776758280?&trTypeCd=MAS101&trCtgrNo=585021&checkCtlgPrd=true,https://cdn.011st.com/11dims/resize/248/11src/product/776758280/L300.jpg?972000000
14,5%+3000[23년제조] 에이엠 데일리멀티팩 1개월분(5캡슐x30봉) 종합영양제 오메가3 비타민b 피로회복,https://www.11st.co.kr/products/3263225808?&trTypeCd=MAS101&trCtgrNo=585021&checkCtlgPrd=true,https://cdn.011st.com/11dims/resize/248/11src/product/3263225808/L300.jpg?453000000
15,퍼니트 고함량 아르기닌 파워업 6000 2박스 총 30포 / 비타민C 피로회복 타우린 엘아르기닌,https://www.11st.co.kr/products/3777775278?&trTypeCd=05&trCtgrNo=585021&checkCtlgPrd=true,https://cdn.011st.com/11dims/resize/248/11src/product/3777775278/L300.jpg?33000000
16,GNM 피로한 눈엔 루테인 아스타잔틴 3박스 / 눈건강 헤마토코쿠스추출물,https://www.11st.co.kr/products/2433597090?&trTypeCd=05&trCtgrNo=585021&checkCtlgPrd=true,https://cdn.011st.com/11dims/resize/248/11src/product/2433597090/L300.jpg?40000000
17,마시는 포도당 100mL 30개입 2박스 에너지드링크 피로회복 건강즙,https://www.11st.co.kr/products/1392779734?&trTypeCd=05&trCtgrNo=585021&checkCtlgPrd=true,https://cdn.011st.com/11dims/resize/248/11src/pd/v2/7/7/9/7/3/4/iZIxY/1392779734_L300.jpg
18,비타민엔젤스 피로엔간편한,https://www.11st.co.kr/products/2317433276?&trTypeCd=05&trCtgrNo=585021&checkCtlgPrd=true,https://cdn.011st.com/11dims/resize/248/11src/product/2317433276/L300.jpg?945000000
19,르시크릿 김희애 에스트로업 1박스(1개월분) 선물세트 여성 갱년기케어 면역력 피로 개선,https://www.11st.co.kr/products/2973811082?&trTypeCd=05&trCtgrNo=585021&checkCtlgPrd=true,https://cdn.011st.com/11dims/resize/248/11src/product/2973811082/L300.jpg?715000000
20,휴럼 아이편안 루테인 지아잔틴 눈 피로 건강 1박스 (1개월분),https://www.11st.co.kr/products/2387155861?&trTypeCd=05&trCtgrNo=585021&checkCtlgPrd=true,https://cdn.011st.com/11dims/resize/248/11src/product/2387155861/L300.jpg?593000000
21,해외알부민 ** 피로회복 포괄적인 활력강화,https://www.11st.co.kr/products/1564688669?&trTypeCd=05&trCtgrNo=585021&checkCtlgPrd=true,https://cdn.011st.com/11dims/resize/248/11src/product/1564688669/L300.jpg?683000000
22,뉴트리원 정우성 루테인 지아잔틴 164 AX 3박스(3개월분) 아스타잔틴 눈 피로 건강,https://www.11st.co.kr/products/2478872371?&trTypeCd=05&trCtgrNo=585021&checkCtlgPrd=true,https://cdn.011st.com/11dims/resize/248/11src/product/2478872371/L300.jpg?433000000
23,내츄럴플러스 눈건강 영양제 초임계 루테인 지아잔틴 고함량 아스타잔틴 오메가3 눈피로개선,https://www.11st.co.kr/products/3437959728?&trTypeCd=05&trCtgrNo=585021&checkCtlgPrd=true,https://cdn.011st.com/11dims/resize/248/11src/product/3437959728/L300.jpg?67000000
24,[호주생산 굿윌밀크씨슬 간건강피로회복/3개월/신제품,https://www.11st.co.kr/products/1464341061?&trTypeCd=05&trCtgrNo=585021&checkCtlgPrd=true,https://cdn.011st.com/11dims/resize/248/11src/product/1464341061/L300.jpg?567000000
25,뉴트리 미국 비타민B 컴플렉스 B6 B9 B12 피로 영양제 90정 3개월,https://www.11st.co.kr/products/48946277?&trTypeCd=05&trCtgrNo=585021&checkCtlgPrd=true,https://cdn.011st.com/11dims/resize/248/11src/product/48946277/L300.jpg?643000000
26,해외미국 타우린 대용량 100% Taurine 피로회복제 성분,https://www.11st.co.kr/products/1517642198?&trTypeCd=05&trCtgrNo=585021&checkCtlgPrd=true,https://cdn.011st.com/11dims/resize/248/11src/product/1517642198/L300.jpg?431000000
27,해외우루소 ** 피로회복 간영양제,https://www.11st.co.kr/products/1565677469?&trTypeCd=05&trCtgrNo=585021&checkCtlgPrd=true,https://cdn.011st.com/11dims/resize/248/11src/product/1565677469/L300.jpg?954000000
28,미국 뉴트리 비타민B 컴플렉스 엽산 B9 비타민B6 B12 90정 3개월,https://www.11st.co.kr/products/2956008?&trTypeCd=MAS101&trCtgrNo=585021&checkCtlgPrd=true,https://cdn.011st.com/11dims/resize/248/11src/product/2956008/L300.jpg?941000000
29,종근당 비타민C 1000mg 200정(220g) 1box 우리가족 피로영양제,https://www.11st.co.kr/products/3306440807?&trTypeCd=05&trCtgrNo=585021&checkCtlgPrd=true,https://cdn.011st.com/11dims/resize/248/11src/product/3306440807/L300.jpg?720000000
30,미국산 천연 비타민 피로회복제 항산화제 피로 영양제 90정 3개월,https://www.11st.co.kr/products/916909673?&trTypeCd=05&trCtgrNo=585021&checkCtlgPrd=true,https://cdn.011st.com/11dims/resize/248/11src/product/916909673/L300.jpg?82000000
31,동아제약 박카스F 120mlx100병 피로회복 파손방지포장,https://www.11st.co.kr/products/3507276457?&trTypeCd=05&trCtgrNo=585021&checkCtlgPrd=true,https://cdn.011st.com/11dims/resize/248/11src/product/3507276457/L300.png?389000000
32,퍼니트 리얼 비타민C 1000 맥스 600정 대용량 / 피로회복 면역력강화영양제,https://www.11st.co.kr/products/4378686564?&trTypeCd=MAS101&trCtgrNo=585021&checkCtlgPrd=true,https://cdn.011st.com/11dims/resize/248/11src/product/4378686564/L300.jpg?567000000
33,고려은단 비타민C 1000 600정 피로 영양제 영국산 D,https://www.11st.co.kr/products/2739705968?&trTypeCd=05&trCtgrNo=585021&checkCtlgPrd=true,https://cdn.011st.com/11dims/resize/248/11src/pd/v2/7/0/5/9/6/8/buTBZ/2739705968_L300.jpg
34,[온푸드] 셀렌다 차즈기 1박스 1개월분 루테올린차즈기 눈 피로도 개선,https://www.11st.co.kr/products/5217648667?&trTypeCd=MAS101&trCtgrNo=585021&checkCtlgPrd=true,https://cdn.011st.com/11dims/resize/248/11src/product/5217648667/L300.jpg?170000000
35,미국산 천연 뉴트리 비타민P 비타민C1000(-헤스페리딘)/고함량 피로회복제 강력 항산화제 영양제,https://www.11st.co.kr/products/1365008267?&trTypeCd=05&trCtgrNo=585021&checkCtlgPrd=true,https://cdn.011st.com/11dims/resize/248/11src/product/1365008267/L300.jpg?481000000
36,뉴트리원 정우성 루테인 지아잔틴 164 AX 12박스(12개월분) 아스타잔틴 눈 피로 건강,https://www.11st.co.kr/products/2478986094?&trTypeCd=05&trCtgrNo=585021&checkCtlgPrd=true,https://cdn.011st.com/11dims/resize/248/11src/product/2478986094/L300.jpg?635000000
37,미국산 천연 비타민C1000 항산화제 피로회복제 피로 영양제 90정 3개월,https://www.11st.co.kr/products/733216617?&trTypeCd=05&trCtgrNo=585021&checkCtlgPrd=true,https://cdn.011st.com/11dims/resize/248/11src/product/733216617/L300.jpg?995000000
38,뉴트리원 정우성 루테인 지아잔틴 164 AX 1박스(1개월분) 外아스타잔틴 눈 피로 건강,https://www.11st.co.kr/products/1706684323?&trTypeCd=05&trCtgrNo=585021&checkCtlgPrd=true,https://cdn.011st.com/11dims/resize/248/11src/product/1706684323/L300.jpg?937000000
39,닥터린 인디안구스베리 피로회복 영양제 비타민C 60정 x 3박스 (6개월분),https://www.11st.co.kr/products/3772648931?&trTypeCd=05&trCtgrNo=585021&checkCtlgPrd=true,https://cdn.011st.com/11dims/resize/248/11src/pd/v2/6/4/8/9/3/1/BxiHB/3772648931_L300.jpg
40,트루엔 눈피로 플로라루테인 500mg x 60캡슐 / 써클,https://www.11st.co.kr/products/4181695623?&trTypeCd=05&trCtgrNo=585021&checkCtlgPrd=true,https://cdn.011st.com/11dims/resize/248/11src/product/4181695623/L300.jpg?197000000
41,르시크릿 김희애 에스트로업 6박스(6개월분) 선물세트 여성 갱년기케어 면역력 피로,https://www.11st.co.kr/products/2973837247?&trTypeCd=MAS101&trCtgrNo=585021&checkCtlgPrd=true,https://cdn.011st.com/11dims/resize/248/11src/product/2973837247/L300.jpg?842000000
42,르시크릿 김희애 에스트로업 5박스(5개월분) 선물세트 여성 갱년기케어 면역력 피로 개선,https://www.11st.co.kr/products/2973833849?&trTypeCd=05&trCtgrNo=585021&checkCtlgPrd=true,https://cdn.011st.com/11dims/resize/248/11src/product/2973833849/L300.jpg?913000000
43,뉴트리원 정우성 루테인 지아잔틴 164 AX 1박스(1개월분) 아스타잔틴 눈 피로 건강,https://www.11st.co.kr/products/2478886602?&trTypeCd=05&trCtgrNo=585021&checkCtlgPrd=true,https://cdn.011st.com/11dims/resize/248/11src/product/2478886602/L300.jpg?488000000
44,미국 천연 뉴트리 비타민C1000 기미 주근깨 피부미용,https://www.11st.co.kr/products/1242010840?&trTypeCd=05&trCtgrNo=585021&checkCtlgPrd=true,https://cdn.011st.com/11dims/resize/248/11src/product/1242010840/L300.jpg?84000000
45,"해외Orthomol 오쏘몰 이뮨 7일분 수험생, 남성, 여성 마시는 비타민 영양제 피로회복제",https://www.11st.co.kr/products/4025592322?&trTypeCd=MAS101&trCtgrNo=585021&checkCtlgPrd=true,https://cdn.011st.com/11dims/resize/248/11src/product/4025592322/L300.jpg?889000000
46,뉴트리 비타민B 엽산 B9 비타민B6 B12 / B군 피로 영양제 90정 3개월,https://www.11st.co.kr/products/1363791282?&trTypeCd=05&trCtgrNo=585021&checkCtlgPrd=true,https://cdn.011st.com/11dims/resize/248/11src/product/1363791282/L300.jpg?733000000
47,미국산 천연 비타민 강력 항산화제 피로 영양제 피로회복제 90정 3개월,https://www.11st.co.kr/products/1088279851?&trTypeCd=MAS101&trCtgrNo=585021&checkCtlgPrd=true,https://cdn.011st.com/11dims/resize/248/11src/product/1088279851/L300.jpg?21000000
48,[23년제조] 에이엠 샤르기닌 L 아르기닌 샤인머스켓 여자 여성 면역 아연 피로회복 영양제,https://www.11st.co.kr/products/4543571874?&trTypeCd=05&trCtgrNo=585021&checkCtlgPrd=true,https://cdn.011st.com/11dims/resize/248/11src/product/4543571874/L300.jpg?709000000
49,[에스더포뮬러] 피로날린 멀티비타민 1박스,https://www.11st.co.kr/products/1483246765?&trTypeCd=MAS101&trCtgrNo=585021&checkCtlgPrd=true,https://cdn.011st.com/11dims/resize/248/11src/product/1483246765/L300.jpg?546000000
50,해외우루소 세트(2병) ** 간영양제 영양제 피로싹 간튼튼 면역력,https://www.11st.co.kr/products/2162413258?&trTypeCd=MAS101&trCtgrNo=585021&checkCtlgPrd=true,https://cdn.011st.com/11dims/resize/248/11src/product/2162413258/L300.jpg?600000000
51,트루엔 눈피로 플로라루테인,https://www.11st.co.kr/products/5371100575?&trTypeCd=05&trCtgrNo=585021&checkCtlgPrd=true,https://cdn.011st.com/11dims/resize/248/11src/product/5371100575/L300.jpg?54000000
52,GNM 피로한 눈엔 루테인 아스타잔틴 4박스 / 눈건강 헤마토코쿠스추출물,https://www.11st.co.kr/products/2433599711?&trTypeCd=MAS101&trCtgrNo=585021&checkCtlgPrd=true,https://cdn.011st.com/11dims/resize/248/11src/product/2433599711/L300.jpg?336000000
53,(90x4병)뉴트리 미국 천연 비타민 피로 영양제 피로회복제,https://www.11st.co.kr/products/5776296?&trTypeCd=MAS101&trCtgrNo=585021&checkCtlgPrd=true,https://cdn.011st.com/11dims/resize/248/11src/product/5776296/L300.jpg?534000000
54,해외마누카헬스 로얄제리 (로얄젤리) 1000mg 365캡슐 평소에 피로하시거나 힘이 없으신 분들을 위해 면역력향상,https://www.11st.co.kr/products/2105111580?&trTypeCd=05&trCtgrNo=585021&checkCtlgPrd=true,https://cdn.011st.com/11dims/resize/248/11src/product/2105111580/L300.jpg?261000000
55,유유제약 츄어블 비타민C 유판씨 팝 120정X4통 육체피로,https://www.11st.co.kr/products/1197212200?&trTypeCd=05&trCtgrNo=585021&checkCtlgPrd=true,https://cdn.011st.com/11dims/resize/248/11src/product/1197212200/L300.jpg?629000000
56,르시크릿 김희애 에스트로업 3박스(3개월분)선물세트 여성 갱년기케어 면역력 피로 개선,https://www.11st.co.kr/products/2973826856?&trTypeCd=05&trCtgrNo=585021&checkCtlgPrd=true,https://cdn.011st.com/11dims/resize/248/11src/product/2973826856/L300.jpg?977000000
57,"해브잇 컴팩트 비타민 B 8종 컴플렉스 3개월분 - 피로회복, 활력, 에너지 생성 영양제",https://www.11st.co.kr/products/3225353994?&trTypeCd=MAS101&trCtgrNo=585021&checkCtlgPrd=true,https://cdn.011st.com/11dims/resize/248/11src/product/3225353994/L300.jpg?470000000
58,뉴트리원 정우성 피로개선 홍경천 밀크씨슬 2박스(2개월분) 실리마린 간건강,https://www.11st.co.kr/products/3469545446?&trTypeCd=05&trCtgrNo=585021&checkCtlgPrd=true,https://cdn.011st.com/11dims/resize/248/11src/product/3469545446/L300.jpg?255000000
59,일양약품 루테인 아스타잔틴 2개월분 눈의 피로도 개선에 도움을 줄수 있음,https://www.11st.co.kr/products/1269046628?&trTypeCd=05&trCtgrNo=585021&checkCtlgPrd=true,https://cdn.011st.com/11dims/resize/248/11src/product/1269046628/L300.jpg?238000000
62,푸드올로지 윤성빈PICK 에너지붐 /고함량 액상 아르기닌/ 피로회복 1박스(20포),https://www.11st.co.kr/products/6358633299?&trTypeCd=05&trCtgrNo=585021&checkCtlgPrd=true,https://cdn.011st.com/11dims/resize/248/11src/product/4134474729/L300.jpg?912000000
63,GNM 피로한 눈엔 루테인 아스타잔틴 2박스 / 눈건강 헤마토코쿠스추출물,https://www.11st.co.kr/products/2433598342?&trTypeCd=MAS101&trCtgrNo=585021&checkCtlgPrd=true,https://cdn.011st.com/11dims/resize/248/11src/product/2433598342/L300.jpg?534000000
64,트루엔 눈피로 플로라루테인 500mg x 60캡슐 / 정품_MC,https://www.11st.co.kr/products/4214033100?&trTypeCd=05&trCtgrNo=585021&checkCtlgPrd=true,https://cdn.011st.com/11dims/resize/248/11src/product/4214033100/L300.jpg?19000000
65,휴럼 아이편안 루테인 지아잔틴 눈 피로 건강 3박스 (3개월분),https://www.11st.co.kr/products/2477437344?&trTypeCd=05&trCtgrNo=585021&checkCtlgPrd=true,https://cdn.011st.com/11dims/resize/248/11src/product/2477437344/L300.jpg?973000000
66,해외자로우 포뮬러스 QH 앱솔브 + PQQ 30 소프트젤 유비퀴놀 피로로퀴놀린 퀴논 두뇌 인지기능 향상,https://www.11st.co.kr/products/1870892724?&trTypeCd=05&trCtgrNo=585021&checkCtlgPrd=true,https://cdn.011st.com/11dims/resize/248/11src/product/1870892724/L300.jpg?475000000
67,[2박스 10%]트루엔 눈피로 플로라루테인,https://www.11st.co.kr/products/5374165321?&trTypeCd=05&trCtgrNo=585021&checkCtlgPrd=true,https://cdn.011st.com/11dims/resize/248/11src/product/5374165321/L300.jpg?792000000
68,뉴트리원 피로한 눈엔 차즈기 2박스(2개월분) 눈 피로 건강 영양제 기능성원료,https://www.11st.co.kr/products/5180650434?&trTypeCd=MAS101&trCtgrNo=585021&checkCtlgPrd=true,https://cdn.011st.com/11dims/resize/248/11src/pd/v2/6/5/0/4/3/4/dBpNT/5180650434_L300.jpg
69,"[한미양행][정가:128,000원]숙취환 알콜분해 숙취 피로 해소제 (14포 x 8박스) 112포",https://www.11st.co.kr/products/5273398360?&trTypeCd=MAS101&trCtgrNo=585021&checkCtlgPrd=true,https://cdn.011st.com/11dims/resize/248/11src/product/5273398360/L300.jpg?918000000
70,포라이프 에너지고스틱 피로회복에 도움//베리맛/핑크레몬에이드맛,https://www.11st.co.kr/products/1932750723?&trTypeCd=05&trCtgrNo=585021&checkCtlgPrd=true,https://cdn.011st.com/11dims/resize/248/11src/product/1932750723/L300.jpg?779000000
71,푸드올로지 피지컬 윤성빈 PICK 터보붐 /분말 아르기닌/ 피로회복 / 파란물 2박스(40포),https://www.11st.co.kr/products/6358733970?&trTypeCd=05&trCtgrNo=585021&checkCtlgPrd=true,https://cdn.011st.com/11dims/resize/248/11src/product/4134497709/L300.jpg?652000000
72,푸드올로지 피지컬 윤성빈 PICK 터보붐 /분말 아르기닌/ 피로회복 / 파란물 1박스(20포),https://www.11st.co.kr/products/6358733767?&trTypeCd=05&trCtgrNo=585021&checkCtlgPrd=true,https://cdn.011st.com/11dims/resize/248/11src/product/4134497709/L300.jpg?652000000
73,릴렉스피드 2개월분 L테아닌 홍경천추출물 마그네슘 스트레스 긴장완화 피로개선 테아닌 영양제 학업 공부 업무과다 수험생 수능 고3,https://www.11st.co.kr/products/3232026690?&trTypeCd=MAS101&trCtgrNo=585021&checkCtlgPrd=true,https://cdn.011st.com/11dims/resize/248/11src/product/3232026690/L300.jpg?732000000
74,슬룸 하루충전 면역 피로 기능성 영양 제품 멀티비타민 홍삼 아연 1개월,https://www.11st.co.kr/products/4543710788?&trTypeCd=05&trCtgrNo=585021&checkCtlgPrd=true,https://cdn.011st.com/11dims/resize/248/11src/product/4543710788/L300.jpg?125000000
75,바디닥터스 식물성 캡슐 눈피로 초임계 루테인아스타잔틴 30캡슐 x 1박스,https://www.11st.co.kr/products/2968549365?&trTypeCd=MAS101&trCtgrNo=585021&checkCtlgPrd=true,https://cdn.011st.com/11dims/resize/248/11src/product/2968549365/L300.jpg?21000000
76,유유제약 츄어블 비타민C 유판씨 팝 120정X8통 육체피로,https://www.11st.co.kr/products/279005989?&trTypeCd=05&trCtgrNo=585021&checkCtlgPrd=true,https://cdn.011st.com/11dims/resize/248/11src/product/279005989/L300.jpg?841000000
77,수험생 영양제 청소년 중학생 고등학생 피로회복 멀티 종합 비타민 3개월분,https://www.11st.co.kr/products/5624982783?&trTypeCd=05&trCtgrNo=585021&checkCtlgPrd=true,https://cdn.011st.com/11dims/resize/248/11src/product/5624982783/L300.jpg?151000000
78,활력 칸 밀크씨슬 750mg x 30캡슐 3박스(3개월),https://www.11st.co.kr/products/3917666639?&trTypeCd=MAS101&trCtgrNo=585021&checkCtlgPrd=true,https://cdn.011st.com/11dims/resize/248/11src/product/3917666639/L300.jpg?103000000
79,[눈기능개선] 눈건강 루테인 아스타잔틴 눈노화 눈피로 영양제 500mg X 30캡슐 (1개월분),https://www.11st.co.kr/products/3308611918?&trTypeCd=MAS101&trCtgrNo=585021&checkCtlgPrd=true,https://cdn.011st.com/11dims/resize/248/11src/product/3308611918/L300.jpg?377000000
80,[90정X3병]뉴트리 엽산 B9 비타민B6 B12/피로 영양제,https://www.11st.co.kr/products/1297181193?&trTypeCd=05&trCtgrNo=585021&checkCtlgPrd=true,https://cdn.011st.com/11dims/resize/248/11src/product/1297181193/L300.jpg?723000000
81,뉴트리원 파워업 밀크씨슬 6박스(6개월분) 소형정제 실리마린 아르기닌 피로 간건강,https://www.11st.co.kr/products/4283818951?&trTypeCd=05&trCtgrNo=585021&checkCtlgPrd=true,https://cdn.011st.com/11dims/resize/248/11src/product/4283818951/L300.jpg?500000000
82,해외자로우 포뮬러스 아슈와간다 120 베지캡슐 피로회복 영양제,https://www.11st.co.kr/products/1886498887?&trTypeCd=MAS101&trCtgrNo=585021&checkCtlgPrd=true,https://cdn.011st.com/11dims/resize/248/11src/product/1886498887/L300.jpg?660000000
83,닥터린 인디안구스베리 피로회복 영양제 비타민C 60정 x 1박스 (2개월분),https://www.11st.co.kr/products/3772655917?&trTypeCd=05&trCtgrNo=585021&checkCtlgPrd=true,https://cdn.011st.com/11dims/resize/248/11src/product/3772655917/L300.jpg?681000000
84,약사가 만든 NEW 이뮨에너지팩 15일분(5캡슐x15포) 종합영양제 밀크씨슬 프로폴리스 피로회복 간건강 활,https://www.11st.co.kr/products/4460495199?&trTypeCd=05&trCtgrNo=585021&checkCtlgPrd=true,https://cdn.011st.com/11dims/resize/248/11src/product/4460495199/L300.jpg?126000000
85,[11번가단독]뉴트리원 정우성 루테인 지아잔틴164 AX 3통(300일분) 대용량 아스타잔틴 눈 피로,https://www.11st.co.kr/products/5163135511?&trTypeCd=05&trCtgrNo=585021&checkCtlgPrd=true,https://cdn.011st.com/11dims/resize/248/11src/product/5163135511/L300.jpg?503000000
86,동아제약 박카스f 에프 120ml x 30병 / 피로회복,https://www.11st.co.kr/products/3584665118?&trTypeCd=05&trCtgrNo=585021&checkCtlgPrd=true,https://cdn.011st.com/11dims/resize/248/11src/product/3584665118/L300.png?408000000
87,내츄럴플러스 차태현 초임계 아스타잔틴 루테인 클리어 30캡슐 6박스(6개월분) / 눈피로개선,https://www.11st.co.kr/products/2406473635?&trTypeCd=05&trCtgrNo=585021&checkCtlgPrd=true,https://cdn.011st.com/11dims/resize/248/11src/product/2406473635/L300.jpg?351000000
88,[종근당]눈건강엔 초임계 아스타잔틴 루테인 6박스(6개월분)/눈 피로 개선,https://www.11st.co.kr/products/2777340603?&trTypeCd=05&trCtgrNo=585021&checkCtlgPrd=true,https://cdn.011st.com/11dims/resize/248/11src/product/2777340603/L300.jpg?683000000
89,밀크씨슬 헬퍼 간영양제 고함량 실리마린 실리빈 피로회복 음주전후 캐나다직수입,https://www.11st.co.kr/products/2602339091?&trTypeCd=MAS101&trCtgrNo=585021&checkCtlgPrd=true,https://cdn.011st.com/11dims/resize/248/11src/product/2602339091/L300.jpg?986000000
90,"해외[iHerb 공식] Kyolic, 스트레스와 피로 완화 포뮬러 101, 300 캡슐",https://www.11st.co.kr/products/2594940878?&trTypeCd=05&trCtgrNo=585021&checkCtlgPrd=true,https://cdn.011st.com/11dims/resize/248/11src/product/2594940878/L300.jpg?848000000
91,해외퓨리탄프라이드 밀크시슬 간건강 피로회복180정x2병,https://www.11st.co.kr/products/1806042889?&trTypeCd=05&trCtgrNo=585021&checkCtlgPrd=true,https://cdn.011st.com/11dims/resize/248/11src/product/1806042889/L300.jpg?356000000
92,[내츄럴플러스] 차태현 초임계 아스타잔틴 루테인 클리어 30캡슐 6박스 / 눈피로개선,https://www.11st.co.kr/products/2415457740?&trTypeCd=05&trCtgrNo=585021&checkCtlgPrd=true,https://cdn.011st.com/11dims/resize/248/11src/product/2415457740/L300.jpg?539000000
93,ZANTIVA 멀티비타민앤미네랄 20정 x 6통/발포비타민 물에타먹는 종합비타민 영양제 피로회복,https://www.11st.co.kr/products/2893754889?&trTypeCd=05&trCtgrNo=585021&checkCtlgPrd=true,https://cdn.011st.com/11dims/resize/248/11src/product/2893754889/L300.jpg?359000000
94,[90정X3병]미국 뉴트리 엽산 B9 비타민B6 B12 영양제,https://www.11st.co.kr/products/794678029?&trTypeCd=MAS101&trCtgrNo=585021&checkCtlgPrd=true,https://cdn.011st.com/11dims/resize/248/11src/product/794678029/L300.jpg?980000000
95,해외웰니스 일본 마늘 난황 영양제 알리신 240정 비타민B 알리티아민 피로 회복 면역력 강화,https://www.11st.co.kr/products/2629106626?&trTypeCd=05&trCtgrNo=585021&checkCtlgPrd=true,https://cdn.011st.com/11dims/resize/248/11src/product/2629106626/L300.jpg?886000000
96,대웅제약 우루샷 80정 체력 피로회복 코스트코,https://www.11st.co.kr/products/4309161972?&trTypeCd=05&trCtgrNo=585021&checkCtlgPrd=true,https://cdn.011st.com/11dims/resize/248/11src/product/4309161972/L300.jpg?9000000
97,베스처 바이탈업 고함량 블랙마카 2000 180정 활력증진 피로회복 페루산 블랙마카,https://www.11st.co.kr/products/5584233021?&trTypeCd=05&trCtgrNo=585021&checkCtlgPrd=true,https://cdn.011st.com/11dims/resize/248/11src/product/5584233021/L300.jpg?402000000
98,내츄럴플러스 차태현 초임계 아스타잔틴 루테인 클리어 30캡슐 1박스(1개월분) / 눈피로개선,https://www.11st.co.kr/products/2406474020?&trTypeCd=MAS101&trCtgrNo=585021&checkCtlgPrd=true,https://cdn.011st.com/11dims/resize/248/11src/product/2406474020/L300.jpg?104000000
99,미국 뉴트리 비타민B B6 B9 B12 피로회복제 영양제 90정 3개월,https://www.11st.co.kr/products/2054887904?&trTypeCd=05&trCtgrNo=585021&checkCtlgPrd=true,https://cdn.011st.com/11dims/resize/248/11src/product/2054887904/L300.jpg?801000000
100,해외6개 자로우 포뮬러스 QH 앱솔브 + PQQ 30 소프트젤 유비퀴놀 피로로퀴놀린 퀴논 두뇌 인지기능 향상,https://www.11st.co.kr/products/2874033689?&trTypeCd=05&trCtgrNo=585021&checkCtlgPrd=true,https://cdn.011st.com/11dims/resize/248/11src/product/2874033689/L300.jpg?148000000
101,[90정X4병]미국 천연 뉴트리 비타민/피로 영양제 피로회복제,https://www.11st.co.kr/products/1325116552?&trTypeCd=05&trCtgrNo=585021&checkCtlgPrd=true,https://cdn.011st.com/11dims/resize/248/11src/product/1325116552/L300.jpg?411000000
102,[4박스 15%]트루엔 눈피로 플로라루테인,https://www.11st.co.kr/products/5374233934?&trTypeCd=05&trCtgrNo=585021&checkCtlgPrd=true,https://cdn.011st.com/11dims/resize/248/11src/product/5374233934/L300.jpg?127000000
103,광동제약 가네스 알파 - 100ml 10병 피로회복 아르지닌,https://www.11st.co.kr/products/2848443635?&trTypeCd=05&trCtgrNo=585021&checkCtlgPrd=true,https://cdn.011st.com/11dims/resize/248/11src/product/2848443635/L300.jpg?362000000
104,경남제약 그린요오드 2개월 60정 갑상선 셀렌 아연 비타민4종 피로 면역 온가족 영양제,https://www.11st.co.kr/products/3960038013?&trTypeCd=05&trCtgrNo=585021&checkCtlgPrd=true,https://cdn.011st.com/11dims/resize/248/11src/product/3960038013/L300.jpg?493000000
105,GNM 피로한 눈엔 루테인 아스타잔틴 3박스 / 눈건강 헤마토코쿠스추출물,https://www.11st.co.kr/products/2436610723?&trTypeCd=05&trCtgrNo=585021&checkCtlgPrd=true,https://cdn.011st.com/11dims/resize/248/11src/product/2436610723/L300.jpg?577000000
106,일양약품 루테인 아스타잔틴 헤마토코쿠스 영양제 4개월 눈건강,https://www.11st.co.kr/products/2329491801?&trTypeCd=MAS101&trCtgrNo=585021&checkCtlgPrd=true,https://cdn.011st.com/11dims/resize/248/11src/product/2329491801/L300.jpg?333000000
107,[90정X3병]뉴트리 비타민B 엽산 B9 비타민B6 B12 영양제,https://www.11st.co.kr/products/1314629075?&trTypeCd=05&trCtgrNo=585021&checkCtlgPrd=true,https://cdn.011st.com/11dims/resize/248/11src/product/1314629075/L300.jpg?117000000
108,고려은단 비타민C 1000 120정 영양제 피로 영국산 활력 D,https://www.11st.co.kr/products/2809607575?&trTypeCd=05&trCtgrNo=585021&checkCtlgPrd=true,https://cdn.011st.com/11dims/resize/248/11src/pd/v2/6/0/7/5/7/5/LPhkx/2809607575_L300.jpg
109,ASO SPORT 고농도 고농축액 산소수 피로 회복제 영양제 만성피로,https://www.11st.co.kr/products/2837369633?&trTypeCd=MAS101&trCtgrNo=585021&checkCtlgPrd=true,https://cdn.011st.com/11dims/resize/248/11src/product/2837369633/L300.jpg?397000000
110,유유제약 츄어블 비타민C 유판씨 팝 120정X2통 육체피로,https://www.11st.co.kr/products/1174764431?&trTypeCd=MAS101&trCtgrNo=585021&checkCtlgPrd=true,https://cdn.011st.com/11dims/resize/248/11src/product/1174764431/L300.jpg?109000000
111,"[한미양행][한미양행][정상가:68,000원]숙취환 알콜분해 숙취 피로 해소제 14포 6박스 총 84포",https://www.11st.co.kr/products/5273398188?&trTypeCd=05&trCtgrNo=585021&checkCtlgPrd=true,https://cdn.011st.com/11dims/resize/248/11src/pd/v2/3/9/8/1/8/8/RdhmH/5273398188_L300.jpg
112,피로회복에 좋은 먹는 식용구연산효능 무수 구연산 스틱 5+1 (6개월분),https://www.11st.co.kr/products/2566439660?&trTypeCd=05&trCtgrNo=585021&checkCtlgPrd=true,https://cdn.011st.com/11dims/resize/248/11src/product/2566439660/L300.jpg?330000000
113,동아제약 박카스f 에프 120ml x 60병 / 피로회복,https://www.11st.co.kr/products/3584664845?&trTypeCd=05&trCtgrNo=585021&checkCtlgPrd=true,https://cdn.011st.com/11dims/resize/248/11src/product/3584664845/L300.png?514000000
114,동아제약 박카스f 에프 120ml x 100병 / 피로회복,https://www.11st.co.kr/products/3584664645?&trTypeCd=05&trCtgrNo=585021&checkCtlgPrd=true,https://cdn.011st.com/11dims/resize/248/11src/product/3584664645/L300.png?787000000
115,종근당 눈건강엔 초임계 아스타잔틴 루테인 30캡슐 3박스(3개월분) / 눈피로개선,https://www.11st.co.kr/products/2709790708?&trTypeCd=05&trCtgrNo=585021&checkCtlgPrd=true,https://cdn.011st.com/11dims/resize/248/11src/product/2709790708/L300.jpg?148000000
116,영진약품 요오드 V4 120정 4개월 갑상선 면역기능 만성피로 비타민D,https://www.11st.co.kr/products/3205248294?&trTypeCd=05&trCtgrNo=585021&checkCtlgPrd=true,https://cdn.011st.com/11dims/resize/248/11src/product/3205248294/L300.jpg?883000000
117,GNM 피로한 눈엔 루테인 아스타잔틴 1박스 / 눈건강 헤마토코쿠스추출물,https://www.11st.co.kr/products/2433589240?&trTypeCd=MAS101&trCtgrNo=585021&checkCtlgPrd=true,https://cdn.011st.com/11dims/resize/248/11src/product/2433589240/L300.jpg?274000000
118,[뉴트리원] 홍경천 밀크씨슬 6박스/6개월분,https://www.11st.co.kr/products/3512230801?&trTypeCd=05&trCtgrNo=585021&checkCtlgPrd=true,https://cdn.011st.com/11dims/resize/248/11src/product/3512230801/L300.jpg?544000000
119,종근당 눈건강엔 초임계 아스타잔틴 루테인 30캡슐 6박스(6개월분) /눈피로개선,https://www.11st.co.kr/products/4362454767?&trTypeCd=MAS101&trCtgrNo=585021&checkCtlgPrd=true,https://cdn.011st.com/11dims/resize/248/11src/product/4362454767/L300.jpg?763000000
120,르시크릿 김희애 에스트로업 4박스(4개월분) 선물세트 여성 갱년기케어 면역력 피로 개선,https://www.11st.co.kr/products/2973829443?&trTypeCd=05&trCtgrNo=585021&checkCtlgPrd=true,https://cdn.011st.com/11dims/resize/248/11src/product/2973829443/L300.jpg?440000000
121,푸드올로지 윤성빈PICK 에너지붐 /고함량 액상 아르기닌/ 피로회복 2박스(40포),https://www.11st.co.kr/products/6358633746?&trTypeCd=05&trCtgrNo=585021&checkCtlgPrd=true,https://cdn.011st.com/11dims/resize/248/11src/product/4134474729/L300.jpg?912000000
136,UDCA 피로회복 코스트코 대웅제약 우루샷 직장인 여성 우르소데옥시콜산 80정x2 남성 체력회복,https://www.11st.co.kr/products/5059985151?&trTypeCd=05&trCtgrNo=585021&checkCtlgPrd=true,https://cdn.011st.com/11dims/resize/248/11src/product/5059985151/L300.jpg?537000000
137,커클랜드 비타민C 1000mg×500정/로즈힙/항산화//피로회복/피부건강/미용/철분흡수/마그네슘/로즈마트,https://www.11st.co.kr/products/602427547?&trTypeCd=05&trCtgrNo=585021&checkCtlgPrd=true,https://cdn.011st.com/11dims/resize/248/11src/product/602427547/L300.jpg?923000000
138,ZANTIVA 멀티비타민앤미네랄 20정 x 12통/발포비타민 물에타먹는 종합비타민 영양제 피로회복 수험생 학생,https://www.11st.co.kr/products/2893755483?&trTypeCd=05&trCtgrNo=585021&checkCtlgPrd=true,https://cdn.011st.com/11dims/resize/248/11src/product/2893755483/L300.jpg?59000000
139,슈퍼 멀티 종합 비타민 미네랄제 약6개월분 피곤할때 땡땡 피로회복 영양제 활성 뉴트리션 이뮨 맥스,https://www.11st.co.kr/products/3861526159?&trTypeCd=05&trCtgrNo=585021&checkCtlgPrd=true,https://cdn.011st.com/11dims/resize/248/11src/product/3861526159/L300.jpg?576000000
140,GNM 자연의품격 조정석 밀크씨슬 간 건강식품 영양제 간건강 건강기능식품 밀크시슬 실리마린 피로 회복,https://www.11st.co.kr/products/5052977390?&trTypeCd=05&trCtgrNo=585021&checkCtlgPrd=true,https://cdn.011st.com/11dims/resize/248/11src/product/5052977390/L300.png?587000000
141,남자 L아르기닌 마카 아연 셀렌 피로회복제 영양제 구기자 하수오 산사열매 30대 40대 지구력 캐나다 /,https://www.11st.co.kr/products/4558104639?&trTypeCd=05&trCtgrNo=585021&checkCtlgPrd=true,https://cdn.011st.com/11dims/resize/248/11src/product/4558104639/L300.jpg?221000000
142,"[한미양행][한미양행][정상가:72,000원]피로회복 간 건강 간에는 밀크씨슬 900mg 90정 4박스",https://www.11st.co.kr/products/5273398189?&trTypeCd=MAS101&trCtgrNo=585021&checkCtlgPrd=true,https://cdn.011st.com/11dims/resize/248/11src/pd/v2/3/9/8/1/8/9/iCZHB/5273398189_L300.jpg
143,네추럴라이즈 비타민B 컴플렉스 고농축비타민B 비오틴 엽산 피부 피로회복 영양제 캐나다 90정,https://www.11st.co.kr/products/2337408058?&trTypeCd=05&trCtgrNo=585021&checkCtlgPrd=true,https://cdn.011st.com/11dims/resize/248/11src/product/2337408058/L300.jpg?743000000
144,해외2개 자로우 포뮬러스 QH 앱솔브 + PQQ 30 소프트젤 유비퀴놀 피로로퀴놀린 퀴논 두뇌 인지기능 향상,https://www.11st.co.kr/products/2874024758?&trTypeCd=05&trCtgrNo=585021&checkCtlgPrd=true,https://cdn.011st.com/11dims/resize/248/11src/product/2874024758/L300.jpg?577000000
145,그린스토어 피로한눈엔 루테인 아스타잔틴 오메가3(30일분x1개) 1개,https://www.11st.co.kr/products/4033846103?&trTypeCd=05&trCtgrNo=585021&checkCtlgPrd=true,https://cdn.011st.com/11dims/resize/248/11src/product/4033846103/L300.jpg?157000000
146,[2박스] 비어맨 블랙마카 침향 흑마늘 남성 활력제 아르기닌 야관문 활력 갱년기 피로회복제 마카 에너지,https://www.11st.co.kr/products/5726125851?&trTypeCd=05&trCtgrNo=585021&checkCtlgPrd=true,https://cdn.011st.com/11dims/resize/248/11src/product/5726125851/L300.jpg?973000000
147,L시스테인 먹는 미백 주근깨 멜라닌 기미 영양제 약 육체피로 임신 임산부 수유부 노인 영양제 대용량,https://www.11st.co.kr/products/3748462773?&trTypeCd=05&trCtgrNo=585021&checkCtlgPrd=true,https://cdn.011st.com/11dims/resize/248/11src/product/3748462773/L300.jpg?196000000
148,서퍼데이 에너지 60정 30일분(1Bottle) 면역력 피로회복 고함량 종합비타민,https://www.11st.co.kr/products/5443609478?&trTypeCd=05&trCtgrNo=585021&checkCtlgPrd=true,https://cdn.011st.com/11dims/resize/248/11src/product/5443609478/L300.png?851000000
149,한미양행 눈건강 루테인 지아잔틴 4박스 약4개월분 눈에좋은 눈노화 눈피로 눈영양제 셀렌 아연 빌베리,https://www.11st.co.kr/products/5299181193?&trTypeCd=05&trCtgrNo=585021&checkCtlgPrd=true,https://cdn.011st.com/11dims/resize/248/11src/product/5299181193/L300.jpg?437000000
150,[포헬라]피부+피로회복 2중 포뮬러 화이트 신델라 글루타치온 40000 60정(2개월분),https://www.11st.co.kr/products/5886875424?&trTypeCd=05&trCtgrNo=585021&checkCtlgPrd=true,https://cdn.011st.com/11dims/resize/248/11src/product/5886875424/L300.png?60000000
151,뉴트리원X맨즈헬스 정우성 파워업 아르기닌 6000 3박스(45일) 고함량 피로회복 BCAA 액상 블루베리맛,https://www.11st.co.kr/products/4711839901?&trTypeCd=05&trCtgrNo=585021&checkCtlgPrd=true,https://cdn.011st.com/11dims/resize/248/11src/product/4711839901/L300.png?619000000
152,한미양행 눈건강 루테인 지아잔틴 3박스 약3개월분 눈에좋은 눈노화 눈피로 눈영양제 셀렌 아연 빌베리,https://www.11st.co.kr/products/5299181537?&trTypeCd=05&trCtgrNo=585021&checkCtlgPrd=true,https://cdn.011st.com/11dims/resize/248/11src/product/5299181537/L300.jpg?677000000
153,L아르기닌 아르지닌 엘 피로회복제 면역력강화 2개월분,https://www.11st.co.kr/products/2996868326?&trTypeCd=05&trCtgrNo=585021&checkCtlgPrd=true,https://cdn.011st.com/11dims/resize/248/11src/product/2996868326/L300.jpg?815000000
154,엘아르기닌 6000 운동부스터 액상 아미노산영양제 L아르기닌 면역력 효능 건강기능식품 공항 피로회복제 헬,https://www.11st.co.kr/products/4123497974?&trTypeCd=05&trCtgrNo=585021&checkCtlgPrd=true,https://cdn.011st.com/11dims/resize/248/11src/product/4123497974/L300.jpg?492000000
155,종근당 간건강 슈퍼케어 30정 밀크씨슬 간건강 피로 아연 나이아신 비타민 D,https://www.11st.co.kr/products/2774084362?&trTypeCd=05&trCtgrNo=585021&checkCtlgPrd=true,https://cdn.011st.com/11dims/resize/248/11src/product/2774084362/L300.jpg?826000000
156,휴럼 아이편안 루테인 지아잔틴 눈 피로 건강 2박스 (2개월분),https://www.11st.co.kr/products/2477431645?&trTypeCd=05&trCtgrNo=585021&checkCtlgPrd=true,https://cdn.011st.com/11dims/resize/248/11src/product/2477431645/L300.jpg?525000000
157,"피토틱스 피로완화 활력증가 시트루아르기닌 5,000mg x 15포(1box)",https://www.11st.co.kr/products/5759617020?&trTypeCd=MAS101&trCtgrNo=585021&checkCtlgPrd=true,https://cdn.011st.com/11dims/resize/248/11src/product/5759617020/L300.jpg?59000000
158,종근당 아이클리어 루테인 지아잔틴 눈 건강 영양제 청소년 성인 눈피로 30캡슐 x 5박스,https://www.11st.co.kr/products/5140946871?&trTypeCd=05&trCtgrNo=585021&checkCtlgPrd=true,https://cdn.011st.com/11dims/resize/248/11src/pd/v2/9/4/6/8/7/1/kVMHb/5140946871_L300.jpg
159,하루보람 1개월분 초임계 루테인 지아잔틴 아스타잔틴 헤마토코쿠스 영양제 눈건강 눈피로,https://www.11st.co.kr/products/5258425574?&trTypeCd=MAS101&trCtgrNo=585021&checkCtlgPrd=true,https://cdn.011st.com/11dims/resize/248/11src/product/5258425574/L300.jpg?285000000
160,[종근당] 눈건강엔 초임계 아스타잔틴 루테인 30캡슐 6박스(6개월분) / 눈피로개선,https://www.11st.co.kr/products/2721606844?&trTypeCd=05&trCtgrNo=585021&checkCtlgPrd=true,https://cdn.011st.com/11dims/resize/248/11src/product/2721606844/L300.jpg?735000000
161,종근당 눈건강엔 초임계 아스타잔틴 루테인 30캡슐 3박스(3개월분) /눈피로개선,https://www.11st.co.kr/products/2709919336?&trTypeCd=05&trCtgrNo=585021&checkCtlgPrd=true,https://cdn.011st.com/11dims/resize/248/11src/product/2709919336/L300.jpg?331000000
162,종근당 초임계 아스타잔틴 루테인 30캡슐 6개,https://www.11st.co.kr/products/4244437642?&trTypeCd=05&trCtgrNo=585021&checkCtlgPrd=true,https://cdn.011st.com/11dims/resize/248/11src/product/4244437642/L300.jpg?191000000
163,종근당 눈건강엔 루테인 아스타잔틴 500mg 6개월분,https://www.11st.co.kr/products/3260182940?&trTypeCd=05&trCtgrNo=585021&checkCtlgPrd=true,https://cdn.011st.com/11dims/resize/248/11src/product/3260182940/L300.jpg?227000000
164,"[엔젯오리진] 빌베리 루테인 토탈 아이케어(1,000x30캡슐) X 3통(눈의 피로개선에 도움을 줄 수 있음)",https://www.11st.co.kr/products/3052950556?&trTypeCd=05&trCtgrNo=585021&checkCtlgPrd=true,https://cdn.011st.com/11dims/resize/248/11src/product/3052950556/L300.jpg?481000000
165,오큐시안 오큐시안 60캡슐 1개 루테인 비타민A 비타민E 눈건조 피로개선,https://www.11st.co.kr/products/4831606650?&trTypeCd=MAS101&trCtgrNo=585021&checkCtlgPrd=true,https://cdn.011st.com/11dims/resize/248/11src/product/4831606650/L300.jpg?598000000
166,[일동제약] 마이니 슈퍼비 스트레스 피로케어 700mg 60정,https://www.11st.co.kr/products/5634902048?&trTypeCd=MAS101&trCtgrNo=585021&checkCtlgPrd=true,https://cdn.011st.com/11dims/resize/248/11src/product/5634902048/L300.jpg?460000000
167,GNM 피로한 눈엔 루테인 아스타잔틴 6박스 / 눈건강 헤마토코쿠스추출물,https://www.11st.co.kr/products/2436610792?&trTypeCd=05&trCtgrNo=585021&checkCtlgPrd=true,https://cdn.011st.com/11dims/resize/248/11src/product/2436610792/L300.jpg?984000000
168,갤러리아 내츄럴플러스 차태현 초임계 아스타잔틴 루테인 30캡슐 10박스,https://www.11st.co.kr/products/2441034843?&trTypeCd=MAS101&trCtgrNo=585021&checkCtlgPrd=true,https://cdn.011st.com/11dims/resize/248/11src/product/2441034843/L300.jpg?71000000
169,홍경천 추출물 판토텐산 비타민b군 고함량 코르티솔 부신 스트레스 영양제 아답토젠,https://www.11st.co.kr/products/3354672963?&trTypeCd=MAS101&trCtgrNo=585021&checkCtlgPrd=true,https://cdn.011st.com/11dims/resize/248/11src/product/3354672963/L300.jpg?967000000
170,[유한건강] 뉴오리진 눈건강 루테인 아스타잔틴 (30일분),https://www.11st.co.kr/products/4148527488?&trTypeCd=MAS101&trCtgrNo=585021&checkCtlgPrd=true,https://cdn.011st.com/11dims/resize/248/11src/product/4148527488/L300.jpg?223000000
171,암웨이 뉴트리라이트 밀크씨슬 이엑스 60정/간피로,https://www.11st.co.kr/products/1933614417?&trTypeCd=05&trCtgrNo=585021&checkCtlgPrd=true,https://cdn.011st.com/11dims/resize/248/11src/product/1933614417/L300.jpg?902000000
172,(90x4병)미국산 천연 비타민 피로회복제 피로 영양제,https://www.11st.co.kr/products/1325132236?&trTypeCd=05&trCtgrNo=585021&checkCtlgPrd=true,https://cdn.011st.com/11dims/resize/248/11src/product/1325132236/L300.jpg?240000000
173,유유제약 츄어블 비타민C 유판씨 팝 레몬맛 120정X3통 육체피로,https://www.11st.co.kr/products/1305577099?&trTypeCd=05&trCtgrNo=585021&checkCtlgPrd=true,https://cdn.011st.com/11dims/resize/248/11src/product/1305577099/L300.jpg?332000000
174,트리플 에너지샷 마시는 액상 멀티 비타민 수험생 직장인 이뮨 영양제 피로회복제,https://www.11st.co.kr/products/5831078231?&trTypeCd=05&trCtgrNo=585021&checkCtlgPrd=true,https://cdn.011st.com/11dims/resize/248/11src/product/5831078231/L300.jpg?130000000
175,약사가 만든NEW 이뮨에너지팩 1개월분(5캡슐X30포) 멀티팩 종합영양제 피로회복 간건강,https://www.11st.co.kr/products/3456507542?&trTypeCd=05&trCtgrNo=585021&checkCtlgPrd=true,https://cdn.011st.com/11dims/resize/248/11src/product/3456507542/L300.jpg?269000000
176,뉴트리원 파워업 밀크씨슬 선물세트(3개월분) 소형정제 실리마린 아르기닌 피로 간건강,https://www.11st.co.kr/products/4283813225?&trTypeCd=05&trCtgrNo=585021&checkCtlgPrd=true,https://cdn.011st.com/11dims/resize/248/11src/product/4283813225/L300.png?600000000
177,식약처인증 간피로회복제 밀크씨슬 실리마린 영양제 헤파케어 비타민B 간수치 엽산 아연 간기능 개선제 보,https://www.11st.co.kr/products/4100557222?&trTypeCd=05&trCtgrNo=585021&checkCtlgPrd=true,https://cdn.011st.com/11dims/resize/248/11src/product/4100557222/L300.jpg?110000000
178,캐나다 남자 아연 마카 아르기닌 셀렌 홍삼 하수오 남성건강식품 천연 zinc 영양제 피로 지구력 보충제,https://www.11st.co.kr/products/2552662953?&trTypeCd=05&trCtgrNo=585021&checkCtlgPrd=true,https://cdn.011st.com/11dims/resize/248/11src/product/2552662953/L300.jpg?896000000
179,뉴트리원 정우성 피로개선 홍경천 밀크씨슬 6박스(6개월분) 실리마린 간건강,https://www.11st.co.kr/products/3469575862?&trTypeCd=05&trCtgrNo=585021&checkCtlgPrd=true,https://cdn.011st.com/11dims/resize/248/11src/product/3469575862/L300.jpg?178000000
180,해외자로우 포뮬러스 PQQ 피로로퀴놀린퀴논 20 mg 60 캡슐 Bio PQQ 두뇌 인지기능 영양제,https://www.11st.co.kr/products/1870892753?&trTypeCd=05&trCtgrNo=585021&checkCtlgPrd=true,https://cdn.011st.com/11dims/resize/248/11src/product/1870892753/L300.jpg?186000000
181,"해외[iHerb 공식] Jarrow Formulas, 피로로퀴놀린퀴논(PQQ, Pyrroloquinoline Quinone), 20 mg, 60 캡슐",https://www.11st.co.kr/products/2595402947?&trTypeCd=05&trCtgrNo=585021&checkCtlgPrd=true,https://cdn.011st.com/11dims/resize/248/11src/product/2595402947/L300.jpg?685000000
182,"해외[아이허브] Gaia Herbs 아드레날 헬스 건강보조제 60캡슐, 스트레스 피로 허브 홀리바질 귀리 글루텐프리",https://www.11st.co.kr/products/2764947612?&trTypeCd=05&trCtgrNo=585021&checkCtlgPrd=true,https://cdn.011st.com/11dims/resize/248/11src/product/2764947612/L300.jpg?699000000
183,해외3병 PNC 먹는 알부민 골드 고단백질 순수성분 피로 기력 에너지 영양제 200정,https://www.11st.co.kr/products/2855048349?&trTypeCd=MAS101&trCtgrNo=585021&checkCtlgPrd=true,https://cdn.011st.com/11dims/resize/248/11src/product/2855048349/L300.jpg?726000000
184,해외마누카헬스 로얄제리 (로얄젤리) 1000mg 365캡슐 피로회복 원기및 면역력 향상에 도움,https://www.11st.co.kr/products/2136841905?&trTypeCd=05&trCtgrNo=585021&checkCtlgPrd=true,https://cdn.011st.com/11dims/resize/248/11src/product/2136841905/L300.jpg?934000000
185,해외CellFood 셀푸드 실리카 영양제 118 ml 콜라겐 미네랄 피로회복 뼈건강 silica,https://www.11st.co.kr/products/2902414699?&trTypeCd=MAS101&trCtgrNo=585021&checkCtlgPrd=true,https://cdn.011st.com/11dims/resize/248/11src/product/2902414699/L300.jpg?525000000
186,"해외굿헬스 로얄젤리 (로얄제리) 1000mg 365캡슐 신진대사촉진으로 피로회복에 도움,고영양 건강식품",https://www.11st.co.kr/products/2136855934?&trTypeCd=05&trCtgrNo=585021&checkCtlgPrd=true,https://cdn.011st.com/11dims/resize/248/11src/product/2136855934/L300.png?798000000
187,해외[Solgar]솔가 타우린 500 mg 250 cx 1ea/4달분/피로회복,https://www.11st.co.kr/products/1686579392?&trTypeCd=05&trCtgrNo=585021&checkCtlgPrd=true,https://cdn.011st.com/11dims/resize/248/11src/product/1686579392/L300.jpg?689000000
188,해외뉴트리돔 차가버섯 X20 순수 분말캡슐 500mg 120정,https://www.11st.co.kr/products/3021609252?&trTypeCd=MAS101&trCtgrNo=585021&checkCtlgPrd=true,https://cdn.011st.com/11dims/resize/248/11src/product/3021609252/L300.jpg?59000000
189,"해외고헬시 로얄젤리(로얄제리) 180캡슐 신진대사촉진으로 피로회복에 도움,고영양 건강식품",https://www.11st.co.kr/products/2136850189?&trTypeCd=MAS101&trCtgrNo=585021&checkCtlgPrd=true,https://cdn.011st.com/11dims/resize/248/11src/product/2136850189/L300.jpg?820000000
190,대웅제약 UDCA 우루샷 80정2개 여성 부모님 현대인 체력회복 남성 코스트코 직장인 피로회복,https://www.11st.co.kr/products/4441641267?&trTypeCd=05&trCtgrNo=585021&checkCtlgPrd=true,https://cdn.011st.com/11dims/resize/248/11src/product/4441641267/L300.jpg?480000000
191,종근당건강 아이클리어 루테인 지아잔틴 6박스(6개월) 눈피로 눈영양제 추천 효능,https://www.11st.co.kr/products/5758948023?&trTypeCd=05&trCtgrNo=585021&checkCtlgPrd=true,https://cdn.011st.com/11dims/resize/248/11src/product/5758948023/L300.jpg?270000000
192,애터미 헤모힘 20ml 60포 2박스 만성피로 해모힘 오늘출발_MC,https://www.11st.co.kr/products/6248909642?&trTypeCd=05&trCtgrNo=585021&checkCtlgPrd=true,https://cdn.011st.com/11dims/resize/248/11src/product/6248909642/L300.jpg?976000000
193,홈쇼핑 면역력 애터미 헤모힘 60포1박스 피로회복 에터미 해모임 면역 아토미 에토미 애토미 헤모임,https://www.11st.co.kr/products/6035427422?&trTypeCd=05&trCtgrNo=585021&checkCtlgPrd=true,https://cdn.011st.com/11dims/resize/248/11src/product/6035427422/L300.jpg?935000000
194,3박스 3개월분 뉴트리라인 블랙마카 메가스트롱블랙 피로회복 옥타코사놀 아르기닌 남성활력,https://www.11st.co.kr/products/5954160663?&trTypeCd=05&trCtgrNo=585021&checkCtlgPrd=true,https://cdn.011st.com/11dims/resize/248/11src/product/5954160663/L300.jpg?55000000
195,[인테이크] 피로개선에 도움을 줄 수 있는 홍경천(1개월분),https://www.11st.co.kr/products/2793019881?&trTypeCd=05&trCtgrNo=585021&checkCtlgPrd=true,https://cdn.011st.com/11dims/resize/248/11src/product/2793019881/L300.jpg?919000000
196,일양약품 루테인지아잔틴 맥스 120캡슐 눈에좋은 영양제 눈건강 눈피로,https://www.11st.co.kr/products/5945676065?&trTypeCd=05&trCtgrNo=585021&checkCtlgPrd=true,https://cdn.011st.com/11dims/resize/248/11src/product/5945676065/L300.jpg?491000000
197,뉴트리온 루테인 지아잔틴 164 AX 500mg 30캡슐 눈피로 영양제 6개월,https://www.11st.co.kr/products/5427338890?&trTypeCd=05&trCtgrNo=585021&checkCtlgPrd=true,https://cdn.011st.com/11dims/resize/248/11src/pd/v2/3/3/8/8/9/0/KYVjN/5427338890_L300.jpg
198,국산 곰피 추출물 곰피로간건강 효능 간에좋은음식,https://www.11st.co.kr/products/5984882861?&trTypeCd=05&trCtgrNo=585021&checkCtlgPrd=true,https://cdn.011st.com/11dims/resize/248/11src/product/5984882861/L300.jpg?251000000
199,네추럴라이즈 고함량 액상 비타민B 부스터 샷 20ml x 10개입 2박스 (20일분) 피로회복,https://www.11st.co.kr/products/5906026385?&trTypeCd=05&trCtgrNo=585021&checkCtlgPrd=true,https://cdn.011st.com/11dims/resize/248/11src/product/5906026385/L300.jpg?449000000
200,동아제약 박카스f 에프 120ml x 40병 / 피로회복,https://www.11st.co.kr/products/3584665038?&trTypeCd=05&trCtgrNo=585021&checkCtlgPrd=true,https://cdn.011st.com/11dims/resize/248/11src/product/3584665038/L300.png?738000000
201,[신세계몰]일양약품 아이스타 골드 루테인 오메가3 아스타잔틴 / 황반색소밀도유지+눈 피로도개선+안구...,https://www.11st.co.kr/products/3878891208?&trTypeCd=05&trCtgrNo=585021&checkCtlgPrd=true,https://cdn.011st.com/11dims/resize/248/11src/product/3878891208/L300.jpg?589000000
202,[GNM자연의품격] 피로한 눈엔 루테인 아스타잔틴 6박스 / 눈건강 헤마토코쿠,https://www.11st.co.kr/products/5169741937?&trTypeCd=05&trCtgrNo=585021&checkCtlgPrd=true,https://cdn.011st.com/11dims/resize/248/11src/product/5169741937/L300.jpg?961000000
203,[GNM자연의품격] 피로한 눈엔 루테인 아스타잔틴 4박스 / 눈건강 헤마토코쿠,https://www.11st.co.kr/products/5169741930?&trTypeCd=05&trCtgrNo=585021&checkCtlgPrd=true,https://cdn.011st.com/11dims/resize/248/11src/product/5169741930/L300.jpg?232000000
204,[종근당]눈건강엔 초임계 아스타잔틴 루테인 30캡슐 3박스(3개월분) /눈 피로,https://www.11st.co.kr/products/2708509487?&trTypeCd=05&trCtgrNo=585021&checkCtlgPrd=true,https://cdn.011st.com/11dims/resize/248/11src/product/2708509487/L300.jpg?619000000
205,[내츄럴플러스] 차태현 초임계 아스타잔틴 루테인 클리어 30캡슐 2박스 / 눈피로개선,https://www.11st.co.kr/products/2415457821?&trTypeCd=05&trCtgrNo=585021&checkCtlgPrd=true,https://cdn.011st.com/11dims/resize/248/11src/product/2415457821/L300.jpg?379000000
206,보령 아이안골드 눈건강 2중케어 루테인 아스타잔틴 눈노화 눈피로 개선에 도움 3+3개월 [총6개월분],https://www.11st.co.kr/products/5740590290?&trTypeCd=05&trCtgrNo=585021&checkCtlgPrd=true,https://cdn.011st.com/11dims/resize/248/11src/product/5740590290/L300.jpg?172000000
207,프리모H 1개월분 수소영양제 마그네슘 칼슘 면역력강화 피로회복,https://www.11st.co.kr/products/4472990595?&trTypeCd=05&trCtgrNo=585021&checkCtlgPrd=true,https://cdn.011st.com/11dims/resize/248/11src/product/4472990595/L300.jpg?932000000
208,약국 아르기닌 5000 맥스 아연 구연산 액상 아르기니 알지닌 아르가닌 수험생 피로회복제 30포 1개월,https://www.11st.co.kr/products/3521901027?&trTypeCd=05&trCtgrNo=585021&checkCtlgPrd=true,https://cdn.011st.com/11dims/resize/248/11src/product/3521901027/L300.jpg?610000000
209,엘시스테인 L시스테인 육체피로 피부 완화 주근깨 먹는 기미 약 영양제 비타민 B2 B6 C E 아스코르빈산,https://www.11st.co.kr/products/3696573722?&trTypeCd=05&trCtgrNo=585021&checkCtlgPrd=true,https://cdn.011st.com/11dims/resize/248/11src/product/3696573722/L300.jpg?885000000
210,[GNM자연의품격]GNM 피로한 눈엔 루테인 아스타잔틴 4박스 / 눈건강 헤마토코쿠스추출물,https://www.11st.co.kr/products/5230484898?&trTypeCd=05&trCtgrNo=585021&checkCtlgPrd=true,https://cdn.011st.com/11dims/resize/248/11src/product/5230484898/L300.jpg?448000000
211,[닥터린]눈피로엔 루테인아스타잔틴 4박스 눈건강 눈피로개선,https://www.11st.co.kr/products/4048077469?&trTypeCd=05&trCtgrNo=585021&checkCtlgPrd=true,https://cdn.011st.com/11dims/resize/248/11src/product/4048077469/L300.jpg?478000000
212,갤러리아 뉴트리원 피로개선 홍경천＆밀크씨슬 1박스(1개월분),https://www.11st.co.kr/products/3525266182?&trTypeCd=05&trCtgrNo=585021&checkCtlgPrd=true,https://cdn.011st.com/11dims/resize/248/11src/product/3525266182/L300.png?854000000
213,브레인레시틴(1개월분)/ 난황레시틴/ 기억력 개선/ 피로 개선/ 면역력 증진/ 콜레스테롤 개선에 도움,https://www.11st.co.kr/products/948277268?&trTypeCd=05&trCtgrNo=585021&checkCtlgPrd=true,https://cdn.011st.com/11dims/resize/248/11src/product/948277268/L300.jpg?694000000
214,대웅제약 우루샷 피로회복 코스트코 80정,https://www.11st.co.kr/products/4326114099?&trTypeCd=05&trCtgrNo=585021&checkCtlgPrd=true,https://cdn.011st.com/11dims/resize/248/11src/product/4326114099/L300.jpg?142000000
215,고강도 운동 공부 할때 몸이 지치고 피로 피곤 할때 먹는 고함량 엘 아르기닌 아르기니 알기닌 타우린 90포,https://www.11st.co.kr/products/4232712764?&trTypeCd=05&trCtgrNo=585021&checkCtlgPrd=true,https://cdn.011st.com/11dims/resize/248/11src/product/4232712764/L300.png?415000000
216,경남제약 그린요오드 갑상선 셀렌 아연 비타민4종 피로 면역 온가족 영양제,https://www.11st.co.kr/products/3960053937?&trTypeCd=05&trCtgrNo=585021&checkCtlgPrd=true,https://cdn.011st.com/11dims/resize/248/11src/product/3960053937/L300.jpg?631000000
217,[ 연세생활건강 공식 판매처 위고몰 ] 세브란스케어 프리미엄 피로회복 아르기닌 1박스 15일분 [25g x15포],https://www.11st.co.kr/products/3879299155?&trTypeCd=05&trCtgrNo=585021&checkCtlgPrd=true,https://cdn.011st.com/11dims/resize/248/11src/product/3879299155/L300.png?812000000
218,트루엔 눈피로 플로라루테인 500mg x 30캡슐 x 2박스 in,https://www.11st.co.kr/products/5637320261?&trTypeCd=05&trCtgrNo=585021&checkCtlgPrd=true,https://cdn.011st.com/11dims/resize/248/11src/product/5637320261/L300.jpg?415000000
219,줄리아포뮬러2 피로회복 비타민 올인원 마시는 액상형 영양제 루테인 빌베리 20g 6박스,https://www.11st.co.kr/products/5298384519?&trTypeCd=05&trCtgrNo=585021&checkCtlgPrd=true,https://cdn.011st.com/11dims/resize/248/11src/product/5298384519/L300.jpg?574000000
220,줄리아포뮬러1 피로회복 비타민 올인원 마시는 액상형 영양제 타우린 베타카로틴 20g 6박스,https://www.11st.co.kr/products/5298233878?&trTypeCd=05&trCtgrNo=585021&checkCtlgPrd=true,https://cdn.011st.com/11dims/resize/248/11src/product/5298233878/L300.jpg?451000000
221,네추럴팜 베타카로틴 루테인 눈건강 피로 영양제 630mg X 60캡슐,https://www.11st.co.kr/products/3300826693?&trTypeCd=05&trCtgrNo=585021&checkCtlgPrd=true,https://cdn.011st.com/11dims/resize/248/11src/product/3300826693/L300.jpg?324000000
222,엔젯오리진 굿데이 테아닌 로디올라 30정 코스트코 영양제 수면에좋은 긴장완화 만성피로 스트레스,https://www.11st.co.kr/products/5257929199?&trTypeCd=05&trCtgrNo=585021&checkCtlgPrd=true,https://cdn.011st.com/11dims/resize/248/11src/product/5257929199/L300.jpg?609000000
223,테아닌 감마 오리자놀 영양제 스트레스 긴장완화 도움 피로 l테아닌 마그네슘 약1개월,https://www.11st.co.kr/products/3861455491?&trTypeCd=05&trCtgrNo=585021&checkCtlgPrd=true,https://cdn.011st.com/11dims/resize/248/11src/product/3861455491/L300.jpg?303000000
224,호주 비타리움 PMP 40MAX 5중복합기능성 간과 혈관건강 피로회복 콜레스테롤개선에 도움 1개월분,https://www.11st.co.kr/products/3523198282?&trTypeCd=05&trCtgrNo=585021&checkCtlgPrd=true,https://cdn.011st.com/11dims/resize/248/11src/product/3523198282/L300.jpg?168000000
225,코오롱제약 눈건강 루테인 지아잔틴(4개월분)/개별인정형/눈피로개선/7종기능성,https://www.11st.co.kr/products/4143396212?&trTypeCd=05&trCtgrNo=585021&checkCtlgPrd=true,https://cdn.011st.com/11dims/resize/248/11src/product/4143396212/L300.jpg?291000000
226,뉴트리원X맨즈헬스 정우성 파워업 아르기닌 6000 1박스(15일) 고함량 피로회복 BCAA 액상 블루베리맛,https://www.11st.co.kr/products/4711829774?&trTypeCd=MAS101&trCtgrNo=585021&checkCtlgPrd=true,https://cdn.011st.com/11dims/resize/248/11src/product/4711829774/L300.png?921000000
227,트루엔 눈피로 플로라루테인 500mg x 60캡슐 x 1박스 /An,https://www.11st.co.kr/products/6236642353?&trTypeCd=05&trCtgrNo=585021&checkCtlgPrd=true,https://cdn.011st.com/11dims/resize/248/11src/pd/v2/6/4/2/3/5/3/cVCNh/6236642353_L300.jpg
228,트루엔 눈피로 플로라루테인 500mg x 60캡슐 x 1박스,https://www.11st.co.kr/products/6088147464?&trTypeCd=MAS101&trCtgrNo=585021&checkCtlgPrd=true,https://cdn.011st.com/11dims/resize/248/11src/product/6088147464/L300.jpg?872000000
229,트루엔 눈피로 플로라루테인 500mg x 60캡슐 x 1박스_MC,https://www.11st.co.kr/products/6082430407?&trTypeCd=05&trCtgrNo=585021&checkCtlgPrd=true,https://cdn.011st.com/11dims/resize/248/11src/product/6082430407/L300.jpg?71000000
230,"[엔젯오리진] 빌베리 루테인 토탈 아이케어(1,000x30캡슐) X 1통(눈의 피로 개선에 도움을 줄 수 있음)",https://www.11st.co.kr/products/3052950439?&trTypeCd=MAS101&trCtgrNo=585021&checkCtlgPrd=true,https://cdn.011st.com/11dims/resize/248/11src/product/3052950439/L300.jpg?897000000
231,[내츄럴플러스] 차태현 초임계 아스타잔틴 루테인 클리어 30캡슐 1박스 / 눈피로개선,https://www.11st.co.kr/products/2415457524?&trTypeCd=05&trCtgrNo=585021&checkCtlgPrd=true,https://cdn.011st.com/11dims/resize/248/11src/product/2415457524/L300.jpg?437000000
232,내츄럴플러스 차태현 초임계 아스타잔틴 루테인 클리어 30캡슐 5박스 /눈피로개선,https://www.11st.co.kr/products/2406657685?&trTypeCd=05&trCtgrNo=585021&checkCtlgPrd=true,https://cdn.011st.com/11dims/resize/248/11src/product/2406657685/L300.jpg?618000000
233,[종근당]종근당 눈건강엔 초임계 아스타잔틴 루테인 30캡슐 12박스(12개월분),https://www.11st.co.kr/products/3177472100?&trTypeCd=05&trCtgrNo=585021&checkCtlgPrd=true,https://cdn.011st.com/11dims/resize/248/11src/product/3177472100/L300.jpg?910000000
234,캐나다 밀크씨슬헬퍼 카르두스마리아누스 실리마린 피로회복 숙취 간영양제,https://www.11st.co.kr/products/2854726185?&trTypeCd=05&trCtgrNo=585021&checkCtlgPrd=true,https://cdn.011st.com/11dims/resize/248/11src/product/2854726185/L300.jpg?754000000
235,[GNM자연의품격]피로한 눈엔 루테인 아스타잔틴 3박스 / 눈건강 헤마토코쿠스추출물,https://www.11st.co.kr/products/5168984497?&trTypeCd=05&trCtgrNo=585021&checkCtlgPrd=true,https://cdn.011st.com/11dims/resize/248/11src/product/5168984497/L300.jpg?93000000
236,[일양약품]차즈기 아이케어 눈피로 솔루션 60정 1박스 + 프라임 루테인 플러,https://www.11st.co.kr/products/5642342167?&trTypeCd=05&trCtgrNo=585021&checkCtlgPrd=true,https://cdn.011st.com/11dims/resize/248/11src/product/5642342167/L300.jpg?200000000
237,일양약품 차즈기 아이케어 눈피로 솔루션 60정 1박스 + 프라임 루테인 플러스 1박스,https://www.11st.co.kr/products/5612674242?&trTypeCd=MAS101&trCtgrNo=585021&checkCtlgPrd=true,https://cdn.011st.com/11dims/resize/248/11src/product/5612674242/L300.jpg?692000000
238,[일양약품]차즈기 아이케어 눈피로 솔루션 60정 2박스 + 프라임 루테인 플러,https://www.11st.co.kr/products/5642342184?&trTypeCd=MAS101&trCtgrNo=585021&checkCtlgPrd=true,https://cdn.011st.com/11dims/resize/248/11src/product/5642342184/L300.jpg?994000000
239,일양약품 차즈기 아이케어 눈피로 솔루션 60정 1박스+프라임 루테인 플러스 1박스,https://www.11st.co.kr/products/5696877703?&trTypeCd=MAS101&trCtgrNo=585021&checkCtlgPrd=true,https://cdn.011st.com/11dims/resize/248/11src/product/5696877703/L300.jpg?900000000
240,뉴트리원 정우성 피로개선 홍경천 밀크씨슬 3박스(3개월분) 실리마린 간건강,https://www.11st.co.kr/products/3469548290?&trTypeCd=05&trCtgrNo=585021&checkCtlgPrd=true,https://cdn.011st.com/11dims/resize/248/11src/product/3469548290/L300.jpg?934000000
241,"해외[iHerb 공식] Nature's Way, 피로에 환상적인!, 아드레날린 스트레스의 끝, 60 캡슐",https://www.11st.co.kr/products/2595894739?&trTypeCd=05&trCtgrNo=585021&checkCtlgPrd=true,https://cdn.011st.com/11dims/resize/248/11src/product/2595894739/L300.jpg?933000000
250,대웅제약 UDCA 우루샷 80정2개 여성 부모님 현대인 체력회복 남성 코스트코 직장인 피로회복,https://www.11st.co.kr/products/3871219848?&trTypeCd=MAS101&trCtgrNo=585021&checkCtlgPrd=true,https://cdn.011st.com/11dims/resize/248/11src/product/3871219848/L300.jpg?753000000
251,빌베리추출물 안토시아노사이드 루테인 눈 피로 개선 눈에좋은 영양제 30캡슐 약1개월분,https://www.11st.co.kr/products/5175036636?&trTypeCd=MAS101&trCtgrNo=585021&checkCtlgPrd=true,https://cdn.011st.com/11dims/resize/248/11src/product/5175036636/L300.jpg?145000000
252,간편한인생 간건강 밀크씨슬 피로회복 보조제 30일분 60일분 간영양제 실리마린 30일분,https://www.11st.co.kr/products/6224819124?&trTypeCd=05&trCtgrNo=585021&checkCtlgPrd=true,https://cdn.011st.com/11dims/resize/248/11src/product/3621293798/L300.jpg?609000000
253,간편한인생 간건강 밀크씨슬 피로회복 보조제 30일분 60일분 간영양제 실리마린 60일분,https://www.11st.co.kr/products/6224819119?&trTypeCd=05&trCtgrNo=585021&checkCtlgPrd=true,https://cdn.011st.com/11dims/resize/248/11src/product/3621293798/L300.jpg?609000000
254,비타민B컴플렉스 뉴트리랩스 고농축 비타민B100 콤플렉스 90정 피로회복제 컴플렉스,https://www.11st.co.kr/products/4668155420?&trTypeCd=05&trCtgrNo=585021&checkCtlgPrd=true,https://cdn.011st.com/11dims/resize/248/11src/product/4668155420/L300.jpg?261000000
255,브리오 비타민B 컴플렉스 맥스 총4개(8개월분) 고함량 비타민B군 피로회복제 종합영양제 / 판토텐산 B12,https://www.11st.co.kr/products/6099147940?&trTypeCd=05&trCtgrNo=585021&checkCtlgPrd=true,https://cdn.011st.com/11dims/resize/248/11src/product/6099147940/L300.jpg?938000000
256,마이니활력멀티맨 종합비타민 멀티비타민 미네랄 포맨 남성 중년 피로회복 에너지 영양제 30대 40대 50대 /,https://www.11st.co.kr/products/2890384585?&trTypeCd=05&trCtgrNo=585021&checkCtlgPrd=true,https://cdn.011st.com/11dims/resize/248/11src/product/2890384585/L300.jpg?3000000
257,대웅제약 우루샷 80정 활성비타민 피로회복 체력회복 음주후 영양제 우르샷 / 코스트코,https://www.11st.co.kr/products/5508241141?&trTypeCd=05&trCtgrNo=585021&checkCtlgPrd=true,https://cdn.011st.com/11dims/resize/248/11src/product/5508241141/L300.jpg?257000000
258,"가족영양제 비타민C,1,085mg 180정(6개월) 아연 함유제품 햇빛차단 PTP포장/피로회복/감기/피부영양제",https://www.11st.co.kr/products/4635686035?&trTypeCd=05&trCtgrNo=585021&checkCtlgPrd=true,https://cdn.011st.com/11dims/resize/248/11src/product/4635686035/L300.jpg?121000000
259,종근당 비타민C 1000mg 600정(660g) 1box 우리가족 피로영양제,https://www.11st.co.kr/products/3306446280?&trTypeCd=05&trCtgrNo=585021&checkCtlgPrd=true,https://cdn.011st.com/11dims/resize/248/11src/product/3306446280/L300.jpg?263000000
260,180정 6개월 남성 종합비타민B 만성피로영양제 20대남자영양제,https://www.11st.co.kr/products/5347861893?&trTypeCd=05&trCtgrNo=585021&checkCtlgPrd=true,https://cdn.011st.com/11dims/resize/248/11src/product/5347861893/L300.jpg?15000000
261,부모님 시니어 노인 활성 활력 영양제 멀티 비타민 피로회복 필수 해외직구 코스트코 고함량 고농축 고용량,https://www.11st.co.kr/products/4088631519?&trTypeCd=05&trCtgrNo=585021&checkCtlgPrd=true,https://cdn.011st.com/11dims/resize/248/11src/product/4088631519/L300.jpg?59000000
262,고려은단 유재석 비타민b 메가도스 컴플렉스 비타민제 영양제 피로 회복 활력 영양 보충 체력 충전 건강,https://www.11st.co.kr/products/5229893184?&trTypeCd=05&trCtgrNo=585021&checkCtlgPrd=true,https://cdn.011st.com/11dims/resize/248/11src/product/5229893184/L300.png?64000000
263,ZANTIVA 멀티비타민앤미네랄 20정 x 3통/발포비타민 물에타먹는 종합비타민 영양제 피로회복,https://www.11st.co.kr/products/2893753868?&trTypeCd=05&trCtgrNo=585021&checkCtlgPrd=true,https://cdn.011st.com/11dims/resize/248/11src/product/2893753868/L300.jpg?547000000
264,비타민B 비타민C 엽산 콤플렉스 영양제 복합제 고함량 활성비타민 피로회복 청소년 어린이 부모님 캐나다 /,https://www.11st.co.kr/products/2395953099?&trTypeCd=05&trCtgrNo=585021&checkCtlgPrd=true,https://cdn.011st.com/11dims/resize/248/11src/product/2395953099/L300.jpg?627000000
265,남성 남자 천연 종합 멀티 비타민 피로회복 영양제,https://www.11st.co.kr/products/4167300931?&trTypeCd=05&trCtgrNo=585021&checkCtlgPrd=true,https://cdn.011st.com/11dims/resize/248/11src/product/4167300931/L300.jpg?523000000
266,멀티비타민 앤 미네랄 포맨 남성 종합영양제 피로회복 비타민b 아연 아르기닌 영양제,https://www.11st.co.kr/products/3603748834?&trTypeCd=05&trCtgrNo=585021&checkCtlgPrd=true,https://cdn.011st.com/11dims/resize/248/11src/product/3603748834/L300.jpg?678000000
267,비타민C 1000 천연 수용성 비타민씨 셀렌 아연 피로회복 영양제,https://www.11st.co.kr/products/5588313805?&trTypeCd=05&trCtgrNo=585021&checkCtlgPrd=true,https://cdn.011st.com/11dims/resize/248/11src/product/5588313805/L300.jpg?230000000
268,대웅제약 피로회복 우루샷 80정 영양제 가족건강 자기관리 활기찬하루,https://www.11st.co.kr/products/4383256828?&trTypeCd=05&trCtgrNo=585021&checkCtlgPrd=true,https://cdn.011st.com/11dims/resize/248/11src/product/4383256828/L300.jpg?239000000
269,대웅제약 우루샷 80정 피로회복 코스트코 영양제 자기관리 가족건강,https://www.11st.co.kr/products/4383224453?&trTypeCd=05&trCtgrNo=585021&checkCtlgPrd=true,https://cdn.011st.com/11dims/resize/248/11src/product/4383224453/L300.png?559000000
270,여성 멀티비타민 미네랄 슈퍼 뉴트리션 영양제 우먼 미네랄제 땡땡 이뮨 피로회복제 활성형 종합 비타민,https://www.11st.co.kr/products/3861518462?&trTypeCd=05&trCtgrNo=585021&checkCtlgPrd=true,https://cdn.011st.com/11dims/resize/248/11src/product/3861518462/L300.jpg?65000000
271,비타민B 컴플렉스 b1 b2 b6 b12 피로회복 영양제 티아민 고함량 비타민 비 B100 맥스 복합 비군 만성피로,https://www.11st.co.kr/products/3861547358?&trTypeCd=05&trCtgrNo=585021&checkCtlgPrd=true,https://cdn.011st.com/11dims/resize/248/11src/product/3861547358/L300.jpg?565000000
272,뉴트리마인 3초 비타민 발포 스파클링 남성 여성 피로회복 면역 종합영양제 1개월분,https://www.11st.co.kr/products/6229322564?&trTypeCd=05&trCtgrNo=585021&checkCtlgPrd=true,https://cdn.011st.com/11dims/resize/248/11src/product/3988692567/L300.jpg?846000000
273,뉴트리마인 3초 비타민 발포 스파클링 남성 여성 피로회복 면역 종합영양제 3개월분,https://www.11st.co.kr/products/6229322563?&trTypeCd=05&trCtgrNo=585021&checkCtlgPrd=true,https://cdn.011st.com/11dims/resize/248/11src/product/3988692567/L300.jpg?846000000
274,뉴트리마인 3초 비타민 발포 스파클링 남성 여성 피로회복 면역 종합영양제 2개월분,https://www.11st.co.kr/products/6229322562?&trTypeCd=05&trCtgrNo=585021&checkCtlgPrd=true,https://cdn.011st.com/11dims/resize/248/11src/product/3988692567/L300.jpg?846000000
275,[엔썸잇] 하루한알 간건강 밀크씨슬 4개월분 실리마린 간에 좋은 영양제 피로,https://www.11st.co.kr/products/5998049954?&trTypeCd=05&trCtgrNo=585021&checkCtlgPrd=true,https://cdn.011st.com/11dims/resize/248/11src/product/5998049954/L300.jpg?701000000
276,식약처인증 밀크씨슬 실리마린 비타민3종 나이아신 부모님 직장인 어르신 성인 간비타민 간피로,https://www.11st.co.kr/products/4326139048?&trTypeCd=05&trCtgrNo=585021&checkCtlgPrd=true,https://cdn.011st.com/11dims/resize/248/11src/product/4326139048/L300.jpg?736000000
277,종근당 건강 헬씨칸 로얄 밀크씨슬 피곤할때 지방간 만성피로 간 영양제 2개월,https://www.11st.co.kr/products/3956922176?&trTypeCd=05&trCtgrNo=585021&checkCtlgPrd=true,https://cdn.011st.com/11dims/resize/248/11src/product/3956922176/L300.jpg?23000000
278,간피로회복제 30대 40대 간에좋은 밀크씨슬 영양제 가시 엉겅퀴 씨앗 식약처인증 간건강 간수치 보조제 개,https://www.11st.co.kr/products/4100556180?&trTypeCd=05&trCtgrNo=585021&checkCtlgPrd=true,https://cdn.011st.com/11dims/resize/248/11src/product/4100556180/L300.jpg?440000000
279,[리얼닥터] 밀크씨슬 실리마린 맥스 30정 4개 (4개월분) / 식약처인증 간영양제 피로개선 7중 복합기능성,https://www.11st.co.kr/products/3935772464?&trTypeCd=05&trCtgrNo=585021&checkCtlgPrd=true,https://cdn.011st.com/11dims/resize/248/11src/product/3935772464/L300.jpg?427000000
280,만성피로 영양제 실리마린 효능 간보호제 밀크시스 60캡슐 2개월분,https://www.11st.co.kr/products/3407004781?&trTypeCd=05&trCtgrNo=585021&checkCtlgPrd=true,https://cdn.011st.com/11dims/resize/248/11src/product/3407004781/L300.jpg?322000000
281,알콜성 지방 간 기능 저하 밀크 씨슬 LDH 수치 간에 좋은 식품 만성 피로 회복 실리마린 권장량 효능 효과,https://www.11st.co.kr/products/4037201721?&trTypeCd=05&trCtgrNo=585021&checkCtlgPrd=true,https://cdn.011st.com/11dims/resize/248/11src/product/4037201721/L300.jpg?931000000
282,종근당 밀크씨슬 시슬 실리마린 나이아신 간 피로에 좋은 건강기능식품 보호제 효능 효과 추천 30알약 3개,https://www.11st.co.kr/products/5287969293?&trTypeCd=05&trCtgrNo=585021&checkCtlgPrd=true,https://cdn.011st.com/11dims/resize/248/11src/product/5287969293/L300.jpg?660000000
283,캐나다 간 건강 실리마린 밀크씨슬 헤파케어 3개월분 도움 시각 에너지 엽산 직수입 영양제 안정성 피로 회,https://www.11st.co.kr/products/4277889537?&trTypeCd=05&trCtgrNo=585021&checkCtlgPrd=true,https://cdn.011st.com/11dims/resize/248/11src/product/4277889537/L300.jpg?102000000
284,종근당 밀크씨슬 아연 비타민 5박스 나이아신 간건강 슈퍼케어 피곤할때 만성 피로 회복 60대 70대 남자 남,https://www.11st.co.kr/products/4162536044?&trTypeCd=05&trCtgrNo=585021&checkCtlgPrd=true,https://cdn.011st.com/11dims/resize/248/11src/product/4162536044/L300.jpg?705000000
285,프리모H 수소캡슐영양제 90정 숙취해소 활성산소제거 혈액순환개선 노화방지 만성피로 항산화,https://www.11st.co.kr/products/3960233313?&trTypeCd=05&trCtgrNo=585021&checkCtlgPrd=true,https://cdn.011st.com/11dims/resize/248/11src/product/3960233313/L300.jpg?344000000
286,밀크씨슬 x 2병 간보조제 보호제 만성피로회복제 간기능개선제 간에좋은 영양제 / 약 2개월분,https://www.11st.co.kr/products/3770751829?&trTypeCd=05&trCtgrNo=585021&checkCtlgPrd=true,https://cdn.011st.com/11dims/resize/248/11src/product/3770751829/L300.jpg?699000000
287,몸이피곤할때 피로회복 간 에좋은 밀크씨슬 엉겅퀴 꽃 보조제 보호제 헬퍼 약 국 영양제 알약 남자 여자,https://www.11st.co.kr/products/3061486410?&trTypeCd=05&trCtgrNo=585021&checkCtlgPrd=true,https://cdn.011st.com/11dims/resize/248/11src/product/3061486410/L300.png?439000000
288,[한미양행][한미양행]피로회복 간 건강 간에는 밀크씨슬 900mg 90정 1박스 (3개월),https://www.11st.co.kr/products/4217481365?&trTypeCd=05&trCtgrNo=585021&checkCtlgPrd=true,https://cdn.011st.com/11dims/resize/248/11src/pd/v2/4/8/1/3/6/5/SQnAx/4217481365_L300.jpg
289,캐나다 밀크씨슬 헤파케어 1000mg x 90캡슐 피로회복 간보조제 영양제 건강한간 효과,https://www.11st.co.kr/products/3169600889?&trTypeCd=MAS101&trCtgrNo=585021&checkCtlgPrd=true,https://cdn.011st.com/11dims/resize/248/11src/product/3169600889/L300.jpg?771000000
290,뉴트리랩스 파워 밀크씨슬 60정 간에좋은 실리마린 밀크시슬 간기능개선 피로개선 비타민b군,https://www.11st.co.kr/products/5236885738?&trTypeCd=MAS101&trCtgrNo=585021&checkCtlgPrd=true,https://cdn.011st.com/11dims/resize/248/11src/product/5236885738/L300.jpg?832000000
291,"간영양제 피로회복 간건강 면역증진 어바틀 밀크씨슬 리버케어 1,000mg x 60캡슐",https://www.11st.co.kr/products/5117048050?&trTypeCd=05&trCtgrNo=585021&checkCtlgPrd=true,https://cdn.011st.com/11dims/resize/248/11src/product/5117048050/L300.jpg?446000000
292,[리얼닥터] 밀크씨슬 실리마린 맥스 30정 6개 (6개월분) / 식약처인증 간영양제 피로개선 7중 복합기능성,https://www.11st.co.kr/products/3935778211?&trTypeCd=MAS101&trCtgrNo=585021&checkCtlgPrd=true,https://cdn.011st.com/11dims/resize/248/11src/product/3935778211/L300.jpg?505000000
293,여에스더 에스더포뮬러 밀크씨슬 간 여예스터 여에스터 여예스더 여에스다 약1개월분 MJ,https://www.11st.co.kr/products/5567417178?&trTypeCd=05&trCtgrNo=585021&checkCtlgPrd=true,https://cdn.011st.com/11dims/resize/248/11src/pd/v2/4/1/7/1/7/8/jwpUD/5567417178_L300.jpg
294,뉴트리원 정우성 피로개선 홍경천 밀크씨슬 4박스(4개월분) 실리마린 간건강,https://www.11st.co.kr/products/3469554918?&trTypeCd=MAS101&trCtgrNo=585021&checkCtlgPrd=true,https://cdn.011st.com/11dims/resize/248/11src/product/3469554918/L300.jpg?220000000
295,비타민엔젤스 피로엔간편한 2박스,https://www.11st.co.kr/products/5345697439?&trTypeCd=05&trCtgrNo=585021&checkCtlgPrd=true,https://cdn.011st.com/11dims/resize/248/11src/product/5345697439/L300.jpg?5000000
296,중외제약 피로와 간에 좋은 홍경천+밀크씨슬 실리마린 3박스,https://www.11st.co.kr/products/5552953814?&trTypeCd=05&trCtgrNo=585021&checkCtlgPrd=true,https://cdn.011st.com/11dims/resize/248/11src/product/5552953814/L300.jpg?15000000
297,콘드로이친 60 상어연골 해조칼슘 메가 엄마선물 뉴일리,https://www.11st.co.kr/products/1130925593?&trTypeCd=MAS101&trCtgrNo=585021&checkCtlgPrd=true,https://cdn.011st.com/11dims/resize/248/11src/product/1130925593/L300.jpg?2000000
298,안면근육 떨림 마그네슘 칼슘 종합영양제 뼈 비타민D 치아건강 눈떨림 손저림 수용성 유기산칼슘 피로 남자,https://www.11st.co.kr/products/4594893946?&trTypeCd=MAS101&trCtgrNo=585021&checkCtlgPrd=true,https://cdn.011st.com/11dims/resize/248/11src/product/4594893946/L300.jpg?451000000
299,뉴트리 코큐텐 코엔자임 큐텐 Q10 / 피로회복제 60캡슐 2개월,https://www.11st.co.kr/products/1929578999?&trTypeCd=05&trCtgrNo=585021&checkCtlgPrd=true,https://cdn.011st.com/11dims/resize/248/11src/product/1929578999/L300.jpg?942000000
300,[온푸드] 루테올린배당체 눈건강 셀렌 차즈기 30캡슐 x 1박스 차조기 학생 직장인 눈피로에 도움,https://www.11st.co.kr/products/5636917160?&trTypeCd=MAS101&trCtgrNo=585021&checkCtlgPrd=true,https://cdn.011st.com/11dims/resize/248/11src/product/5636917160/L300.jpg?989000000
301,종근당 초임계 아스타잔틴 루테인 30캡슐 4개,https://www.11st.co.kr/products/4244434085?&trTypeCd=05&trCtgrNo=585021&checkCtlgPrd=true,https://cdn.011st.com/11dims/resize/248/11src/product/4244434085/L300.jpg?948000000
302,광동 블랙마카365 1박스[120정] 2개월 / 활력 피로회복 원기보충,https://www.11st.co.kr/products/5720703730?&trTypeCd=05&trCtgrNo=585021&checkCtlgPrd=true,https://cdn.011st.com/11dims/resize/248/11src/product/5720703730/L300.jpg?959000000
303,[에스더포뮬러] 여에스더 멀티비타민 피로날린 2박스 활력비타민 비타민B 홍경천,https://www.11st.co.kr/products/4349807266?&trTypeCd=MAS101&trCtgrNo=585021&checkCtlgPrd=true,https://cdn.011st.com/11dims/resize/248/11src/product/4349807266/L300.jpg?547000000
304,일양약품 프라임 활력비타민B 플러스 피로회복 비타민 영양제 800mg x 60정,https://www.11st.co.kr/products/5472504327?&trTypeCd=05&trCtgrNo=585021&checkCtlgPrd=true,https://cdn.011st.com/11dims/resize/248/11src/product/5472504327/L300.png?954000000
305,유기농 천연 활성 성장기 어린이 피로회복제 영양제 키즈 아이 초등학생 청소년 엽산 판토텐산 비오틴 비타,https://www.11st.co.kr/products/4092231446?&trTypeCd=05&trCtgrNo=585021&checkCtlgPrd=true,https://cdn.011st.com/11dims/resize/248/11src/product/4092231446/L300.jpg?64000000
306,비타민B50 C 200정 복합 비타민 b군 판토텐산 비오틴 활력 피로에좋은 영양제 추천,https://www.11st.co.kr/products/2879926967?&trTypeCd=05&trCtgrNo=585021&checkCtlgPrd=true,https://cdn.011st.com/11dims/resize/248/11src/product/2879926967/L300.png?398000000
307,비타민B 컴플렉스 종합비타민B군 고함량 B1 B2 B6 B12 비오틴 아연 셀렌 영양제 피로회복 활력 남자 여자 /,https://www.11st.co.kr/products/3455847141?&trTypeCd=05&trCtgrNo=585021&checkCtlgPrd=true,https://cdn.011st.com/11dims/resize/248/11src/product/3455847141/L300.jpg?903000000
308,비타하임 발포비타민 수험생 청소년 피로회복영양제 종합 멀티 비타민C 칼슘 마그네슘 아연 포도당캔디,https://www.11st.co.kr/products/4025381152?&trTypeCd=05&trCtgrNo=585021&checkCtlgPrd=true,https://cdn.011st.com/11dims/resize/248/11src/product/4025381152/L300.jpg?523000000
309,그린요오드 2 400 면역 피로 온가족영양제,https://www.11st.co.kr/products/4031723258?&trTypeCd=05&trCtgrNo=585021&checkCtlgPrd=true,https://cdn.011st.com/11dims/resize/248/11src/product/4031723258/L300.jpg?533000000
310,[ 비타 500 로열 폴리스 120ml 50병 ] 광동제약 비타500 병음료 피로 회복 음료 도매 비타민B 영양제 마,https://www.11st.co.kr/products/3397413876?&trTypeCd=05&trCtgrNo=585021&checkCtlgPrd=true,https://cdn.011st.com/11dims/resize/248/11src/product/3397413876/L300.jpg?903000000
311,남성피로회복제 아르기닌 아연 셀레늄 마카 l아르기닌 보충제 지구력 활력 에너지 체력 영양제 남자 캐나다,https://www.11st.co.kr/products/2704505144?&trTypeCd=05&trCtgrNo=585021&checkCtlgPrd=true,https://cdn.011st.com/11dims/resize/248/11src/product/2704505144/L300.jpg?46000000
312,닥터 에디션 아르지닌 L 아르기닌 엘아르기닌 남성 남자 피로회복 영양제 HD 닥터아르지닌,https://www.11st.co.kr/products/5288770904?&trTypeCd=MAS101&trCtgrNo=585021&checkCtlgPrd=true,https://cdn.011st.com/11dims/resize/248/11src/product/5288770904/L300.png?962000000
313,고함량 비타민B군 수용성 에너지 활력 비타민 비 B6 B9 B12 미네랄 150 맥스 시스테인전환 만성피로 영양제,https://www.11st.co.kr/products/4037300939?&trTypeCd=05&trCtgrNo=585021&checkCtlgPrd=true,https://cdn.011st.com/11dims/resize/248/11src/product/4037300939/L300.png?697000000
314,종근당건강 슈퍼 밀크씨슬 칸 650mg x 60정 2개월분 간건강 간영양제 피로회복,https://www.11st.co.kr/products/4994987903?&trTypeCd=05&trCtgrNo=585021&checkCtlgPrd=true,https://cdn.011st.com/11dims/resize/248/11src/product/4994987903/L300.jpg?411000000
315,해외3병 PNC 먹는 알부민 골드 고단백질 순수성분 피로 기력 에너지 영양제 200정,https://www.11st.co.kr/products/2855019336?&trTypeCd=05&trCtgrNo=585021&checkCtlgPrd=true,https://cdn.011st.com/11dims/resize/248/11src/product/2855019336/L300.jpg?744000000
316,공부할때 피곤할때 면역력 영양제 대치동 강남 고3수험생 직장인 피로회복 인생종합 비타민,https://www.11st.co.kr/products/4833533005?&trTypeCd=05&trCtgrNo=585021&checkCtlgPrd=true,https://cdn.011st.com/11dims/resize/248/11src/product/4833533005/L300.jpg?818000000
317,해외허비온 메모리서포트 뇌건강 60정 멍함 피로 기분개선,https://www.11st.co.kr/products/6028848346?&trTypeCd=05&trCtgrNo=585021&checkCtlgPrd=true,https://cdn.011st.com/11dims/resize/248/11src/pd/v2/8/4/8/3/4/6/AWHmX/6028848346_B.jpg
318,해외더블우드 PQQ 피큐큐 20mg 피로로퀴놀린퀴논 60캡슐 6팩,https://www.11st.co.kr/products/4195497545?&trTypeCd=05&trCtgrNo=585021&checkCtlgPrd=true,https://cdn.011st.com/11dims/resize/248/11src/product/4195497545/L300.jpg?713000000
319,"해외[아이허브] 자로우포뮬러스 PQQ 10mg 30캡슐, 피로롤로퀴놀린 퀴논 미토콘드리아 Jarrow Formulas",https://www.11st.co.kr/products/2764967101?&trTypeCd=05&trCtgrNo=585021&checkCtlgPrd=true,https://cdn.011st.com/11dims/resize/248/11src/product/2764967101/L300.jpg?419000000
320,해외캘리포니아골드뉴트리션 CGN PQQ 20mg 90베지캡슐 2병 PureQQ 피큐큐 피로로퀴놀린퀴논 디소듐염 TapiOgel,https://www.11st.co.kr/products/5080047068?&trTypeCd=05&trCtgrNo=585021&checkCtlgPrd=true,https://cdn.011st.com/11dims/resize/248/11src/product/5080047068/L300.jpg?798000000
321,해외이멀전씨 데일리이뮨서포트 오렌지맛 30포 빠른피로회복 멀티영양 파우더 비타민B군집중함유,https://www.11st.co.kr/products/4400298710?&trTypeCd=05&trCtgrNo=585021&checkCtlgPrd=true,https://cdn.011st.com/11dims/resize/248/11src/product/4400298710/L300.jpg?556000000
322,"해외[iHerb 공식] Kyolic, 숙성마늘 추출물, 스트레스 & 피로 완화제, 포뮬라 101, 200 정",https://www.11st.co.kr/products/5328738454?&trTypeCd=MAS101&trCtgrNo=585021&checkCtlgPrd=true,https://cdn.011st.com/11dims/resize/248/11src/product/5328738454/L300.jpg?753000000
323,뉴트리플러스젠(비타민파워)120.5g /체력회복피로회복,https://www.11st.co.kr/products/1085309546?&trTypeCd=MAS101&trCtgrNo=585021&checkCtlgPrd=true,https://cdn.011st.com/11dims/resize/248/11src/product/1085309546/L300.jpg?624000000
324,해외닥터스베스트 바이오 PQQ 20mg 30캡슐 피로로퀴놀린 퀴론 BioPPQ,https://www.11st.co.kr/products/4201862346?&trTypeCd=MAS101&trCtgrNo=585021&checkCtlgPrd=true,https://cdn.011st.com/11dims/resize/248/11src/product/4201862346/L300.jpg?989000000
325,해외6병 PNC 먹는 알부민 골드 순수 에너지 단백질정 200,https://www.11st.co.kr/products/2855071628?&trTypeCd=MAS101&trCtgrNo=585021&checkCtlgPrd=true,https://cdn.011st.com/11dims/resize/248/11src/product/2855071628/L300.jpg?813000000
326,애플트리김약사네 청소년 멀티비타민 천연 피로회복 수험생 종합영양제 ncs,https://www.11st.co.kr/products/5443866720?&trTypeCd=05&trCtgrNo=585021&checkCtlgPrd=true,https://cdn.011st.com/11dims/resize/248/11src/product/5443866720/L300.jpg?130000000
327,애플트리김약사네 청소년영양제 종합비타민미네랄 초유단백질 DHA분말 수험생 피로회복제,https://www.11st.co.kr/products/2856059507?&trTypeCd=05&trCtgrNo=585021&checkCtlgPrd=true,https://cdn.011st.com/11dims/resize/248/11src/product/2856059507/L300.jpg?739000000
328,해외닥터스베스트 Doctor's best Bio PQQ 20mg 30베지캡슐 3개 피큐큐 피로로퀴놀린퀴논 디소듐염 PPQ,https://www.11st.co.kr/products/4912379174?&trTypeCd=05&trCtgrNo=585021&checkCtlgPrd=true,https://cdn.011st.com/11dims/resize/248/11src/product/4912379174/L300.jpg?658000000
329,유유제약 츄어블 비타민C 유판씨 팝 딸기맛 120정X2통 육체피로,https://www.11st.co.kr/products/1678411271?&trTypeCd=05&trCtgrNo=585021&checkCtlgPrd=true,https://cdn.011st.com/11dims/resize/248/11src/product/1678411271/L300.jpg?842000000
330,유유제약 츄어블 비타민C 유판씨 팝 블루베리맛 120정X2통 육체피로,https://www.11st.co.kr/products/710459686?&trTypeCd=05&trCtgrNo=585021&checkCtlgPrd=true,https://cdn.011st.com/11dims/resize/248/11src/product/710459686/L300.jpg?417000000
331,로사 테아닌 홍경천 스트레스 피로 긴장완화제 영양제 엘테아닌 L테아닌 L-테아닌 보조제 열대야,https://www.11st.co.kr/products/3697623326?&trTypeCd=05&trCtgrNo=585021&checkCtlgPrd=true,https://cdn.011st.com/11dims/resize/248/11src/product/3697623326/L300.jpg?998000000
332,100% 국내산 농협홍삼 먹기편한 고려은단 퓨어 홍삼 캡슐 6년근홍삼 피로개선 기억력 면역력 항산화 영양제,https://www.11st.co.kr/products/5268701981?&trTypeCd=05&trCtgrNo=585021&checkCtlgPrd=true,https://cdn.011st.com/11dims/resize/248/11src/product/5268701981/L300.jpg?851000000
333,눈피로 개선 도움 영양제 부모님 아스타잔틴 루테인 식약처인증 마리골드꽃추출물 뉴테인 제아잔틴 LUTIEN,https://www.11st.co.kr/products/3815892464?&trTypeCd=05&trCtgrNo=585021&checkCtlgPrd=true,https://cdn.011st.com/11dims/resize/248/11src/product/3815892464/L300.jpg?14000000
334,고함량 rtg 오메가 3 루테인 혈중 중성지질 건조한 눈 건강 건조 침침 뻑뻑 흐림 피로 피곤 마리골드 메리,https://www.11st.co.kr/products/4949889064?&trTypeCd=05&trCtgrNo=585021&checkCtlgPrd=true,https://cdn.011st.com/11dims/resize/248/11src/product/4949889064/L300.jpg?288000000
335,식약처인증 아스타잔틴 루테인 미국 눈피로 영양제 개선제 빌베리 아사이베리 포도씨 추출물 눈시력 눈노화,https://www.11st.co.kr/products/4743684717?&trTypeCd=05&trCtgrNo=585021&checkCtlgPrd=true,https://cdn.011st.com/11dims/resize/248/11src/product/4743684717/L300.jpg?456000000
336,유유제약 츄어블 비타민C 유판씨 팝 오렌지맛 120정X3통 육체피로,https://www.11st.co.kr/products/1825287423?&trTypeCd=MAS101&trCtgrNo=585021&checkCtlgPrd=true,https://cdn.011st.com/11dims/resize/248/11src/product/1825287423/L300.jpg?311000000
337,유유제약 츄어블 비타민C 유판씨 팝 오렌지맛 120정X2통 육체피로,https://www.11st.co.kr/products/328094583?&trTypeCd=MAS101&trCtgrNo=585021&checkCtlgPrd=true,https://cdn.011st.com/11dims/resize/248/11src/product/328094583/L300.jpg?610000000
338,유유제약 츄어블 비타민C 유판씨 팝 오렌지맛 120정X2통 육체피로,https://www.11st.co.kr/products/281170206?&trTypeCd=05&trCtgrNo=585021&checkCtlgPrd=true,https://cdn.011st.com/11dims/resize/248/11src/product/281170206/L300.jpg?988000000
339,해외[웰니스] L-오르니틴 숙취해소 바지락 영양제 피로회복 간기능 개선 480정,https://www.11st.co.kr/products/2725278818?&trTypeCd=05&trCtgrNo=585021&checkCtlgPrd=true,https://cdn.011st.com/11dims/resize/248/11src/product/2725278818/L300.jpg?843000000
340,해외닥터스베스트 비타민B컴플렉스 비타민비군 피로회복 영양제 30정 DB225 p8,https://www.11st.co.kr/products/3674565999?&trTypeCd=05&trCtgrNo=585021&checkCtlgPrd=true,https://cdn.011st.com/11dims/resize/248/11src/product/3674565999/L300.jpg?249000000
341,고함량 비타민C 중년 남성 활력 충전 비타민 씨 플러스 1000MG 피로 항산화 영양제 아연 셀렌 마그네슘 남,https://www.11st.co.kr/products/5883856311?&trTypeCd=05&trCtgrNo=585021&checkCtlgPrd=true,https://cdn.011st.com/11dims/resize/248/11src/product/5883856311/L300.jpg?814000000
342,"청소년비타민,임산부종합영양제,C1000,피로회복,물에타먹는,유재석비타민,남성피로회복제,에너지드링크,다",https://www.11st.co.kr/products/4413186796?&trTypeCd=05&trCtgrNo=585021&checkCtlgPrd=true,https://cdn.011st.com/11dims/resize/248/11src/product/4413186796/L300.jpg?916000000
343,해외나우푸드 비타민B100 컴플렉스 비타민비군 피로회복 영양제 100정 NWF022 p13,https://www.11st.co.kr/products/3674566162?&trTypeCd=MAS101&trCtgrNo=585021&checkCtlgPrd=true,https://cdn.011st.com/11dims/resize/248/11src/product/3674566162/L300.jpg?607000000
344,미국직수입 밀크씨슬 비타민B 간장약 실리마린130mg 피곤한 간 건강 회복 피로 스트레스 업무 야근 50대 직,https://www.11st.co.kr/products/4479260333?&trTypeCd=05&trCtgrNo=585021&checkCtlgPrd=true,https://cdn.011st.com/11dims/resize/248/11src/product/4479260333/L300.jpg?415000000
345,2통 스트레스 홍삼 직장인 피로 아연 엽산 실리마린 밀크씨슬 폴란드산 보조제 바타민B 활력 간건강,https://www.11st.co.kr/products/4031999064?&trTypeCd=MAS101&trCtgrNo=585021&checkCtlgPrd=true,https://cdn.011st.com/11dims/resize/248/11src/product/4031999064/L300.jpg?302000000
346,리버 케어 밀크 씨슬 시슬 실리마린 간 건강 엽산 효능 개선 피로 에좋은 비타민b 추천 관리 비타민a 기능,https://www.11st.co.kr/products/3954252896?&trTypeCd=05&trCtgrNo=585021&checkCtlgPrd=true,https://cdn.011st.com/11dims/resize/248/11src/product/3954252896/L300.jpg?354000000
347,식약처인증 녹용액기스 홍삼활력 피로개선 홍삼6년근 홍삼영양제 홍삼농축 노인영양제 홍삼녹용진액 50대 6,https://www.11st.co.kr/products/4012068572?&trTypeCd=05&trCtgrNo=585021&checkCtlgPrd=true,https://cdn.011st.com/11dims/resize/248/11src/product/4012068572/L300.jpg?806000000
348,해외스완슨 아답티솔 아답토젠 부신 피로 보조제 60캡슐,https://www.11st.co.kr/products/5901006058?&trTypeCd=05&trCtgrNo=585021&checkCtlgPrd=true,https://cdn.011st.com/11dims/resize/248/11src/product/5901006058/L300.jpg?841000000
